-- MySQL dump 10.13  Distrib 8.0.18, for Win64 (x86_64)
--
-- Host: localhost    Database: sggaranties
-- ------------------------------------------------------
-- Server version	8.0.30

/*!40101 SET @OLD_CHARACTER_SET_CLIENT=@@CHARACTER_SET_CLIENT */;
/*!40101 SET @OLD_CHARACTER_SET_RESULTS=@@CHARACTER_SET_RESULTS */;
/*!40101 SET @OLD_COLLATION_CONNECTION=@@COLLATION_CONNECTION */;
/*!50503 SET NAMES utf8mb4 */;
/*!40103 SET @OLD_TIME_ZONE=@@TIME_ZONE */;
/*!40103 SET TIME_ZONE='+00:00' */;
/*!40014 SET @OLD_UNIQUE_CHECKS=@@UNIQUE_CHECKS, UNIQUE_CHECKS=0 */;
/*!40014 SET @OLD_FOREIGN_KEY_CHECKS=@@FOREIGN_KEY_CHECKS, FOREIGN_KEY_CHECKS=0 */;
/*!40101 SET @OLD_SQL_MODE=@@SQL_MODE, SQL_MODE='NO_AUTO_VALUE_ON_ZERO' */;
/*!40111 SET @OLD_SQL_NOTES=@@SQL_NOTES, SQL_NOTES=0 */;

--
-- Table structure for table `agences`
--

DROP TABLE IF EXISTS `agences`;
/*!40101 SET @saved_cs_client     = @@character_set_client */;
/*!50503 SET character_set_client = utf8mb4 */;
CREATE TABLE `agences` (
  `id` int NOT NULL AUTO_INCREMENT,
  `code_agence` varchar(5) NOT NULL,
  `label` varchar(15) CHARACTER SET ascii COLLATE ascii_general_ci NOT NULL,
  `client_count` int NOT NULL DEFAULT '0',
  PRIMARY KEY (`id`),
  UNIQUE KEY `nom_UNIQUE` (`label`) USING BTREE
) ENGINE=InnoDB AUTO_INCREMENT=9 DEFAULT CHARSET=ascii;
/*!40101 SET character_set_client = @saved_cs_client */;

--
-- Dumping data for table `agences`
--

LOCK TABLES `agences` WRITE;
/*!40000 ALTER TABLE `agences` DISABLE KEYS */;
INSERT INTO `agences` VALUES (0,'000','Independant ',0),(1,'0001','SIEGE',116),(2,'0002','REPUBLIQUE',121);
/*!40000 ALTER TABLE `agences` ENABLE KEYS */;
UNLOCK TABLES;

--
-- Table structure for table `clients`
--

DROP TABLE IF EXISTS `clients`;
/*!40101 SET @saved_cs_client     = @@character_set_client */;
/*!50503 SET character_set_client = utf8mb4 */;
CREATE TABLE `clients` (
  `id` int NOT NULL AUTO_INCREMENT,
  `code` varchar(15) CHARACTER SET ascii COLLATE ascii_general_ci NOT NULL,
  `label` varchar(45) CHARACTER SET ascii COLLATE ascii_general_ci NOT NULL,
  `code_rct` varchar(15) CHARACTER SET ascii COLLATE ascii_general_ci NOT NULL,
  `segment` varchar(45) CHARACTER SET ascii COLLATE ascii_general_ci DEFAULT NULL,
  `agence_id` int DEFAULT NULL,
  `del_at` timestamp NULL DEFAULT NULL,
  `del` tinyint(1) DEFAULT '0',
  `created` timestamp NULL DEFAULT CURRENT_TIMESTAMP,
  PRIMARY KEY (`id`,`code`),
  UNIQUE KEY `code_client_UNIQUE` (`code`),
  KEY `agence_fkey` (`agence_id`),
  CONSTRAINT `agence_fkey` FOREIGN KEY (`agence_id`) REFERENCES `agences` (`id`)
) ENGINE=InnoDB AUTO_INCREMENT=245 DEFAULT CHARSET=ascii;
/*!40101 SET character_set_client = @saved_cs_client */;

--
-- Dumping data for table `clients`
--

LOCK TABLES `clients` WRITE;
/*!40000 ALTER TABLE `clients` DISABLE KEYS */;
INSERT INTO `clients` VALUES (1,'012435','FATOUMATA NOUMOU DIALLO','FND01','PARTICULIER',2,NULL,0,'2024-06-05 16:18:31'),(2,'0124356','RAfiou test','FND01','PARTICULIER',2,NULL,0,'2024-06-05 16:18:31'),(3,'01','TEST','FND01','PARTICULIER',2,NULL,0,'2024-06-05 16:37:02'),(4,'012(DEL)','hahash(DELETED)','FND01(DEL)','PARTICULIER',1,'2024-06-21 10:59:12',1,'2024-06-06 15:18:38'),(5,'123','gg','FND01','PARTICULIER',1,NULL,0,'2024-06-06 15:18:38'),(8,'C000000ww','Client0','RCT00','PARTICULIER',1,NULL,0,'2022-12-05 00:00:00'),(9,'C000001','Client1','RCT01','PARTICULIER',2,NULL,0,'2022-10-27 00:00:00'),(10,'C000002','Client2','RCT02','PARTICULIER',1,NULL,0,'2023-04-25 00:00:00'),(11,'C000003','Client3','RCT03','PARTICULIER',2,NULL,0,'2023-08-24 00:00:00'),(12,'C000004','Client4','RCT04','PARTICULIER',1,NULL,0,'2023-10-27 00:00:00'),(13,'C000005','Client5','RCT05','PARTICULIER',2,NULL,0,'2023-09-13 00:00:00'),(14,'C000006','Client6','RCT06','PARTICULIER',1,NULL,0,'2022-07-28 00:00:00'),(15,'C000007','Client7','RCT07','PARTICULIER',2,NULL,0,'2022-03-25 00:00:00'),(16,'C000008','Client8','RCT08','PARTICULIER',1,NULL,0,'2023-11-21 00:00:00'),(17,'C000009','Client9','RCT09','PARTICULIER',2,NULL,0,'2023-05-11 00:00:00'),(18,'C000010','Client10','RCT10','PARTICULIER',1,NULL,0,'2023-02-17 00:00:00'),(19,'C000011','Client11','RCT11','PARTICULIER',2,NULL,0,'2023-07-29 00:00:00'),(20,'C000012','Client12','RCT12','PARTICULIER',1,NULL,0,'2024-01-05 00:00:00'),(21,'C000013','Client13','RCT13','PARTICULIER',2,NULL,0,'2022-05-29 00:00:00'),(22,'C000014','Client14','RCT14','PARTICULIER',1,NULL,0,'2022-12-05 00:00:00'),(23,'C000015','Client15','RCT15','PARTICULIER',2,NULL,0,'2022-12-14 00:00:00'),(24,'C000016','Client16','RCT16','PARTICULIER',1,NULL,0,'2023-12-22 00:00:00'),(25,'C000017','Client17','RCT17','PARTICULIER',2,NULL,0,'2024-02-02 00:00:00'),(26,'C000018','Client18','RCT18','PARTICULIER',1,NULL,0,'2024-01-20 00:00:00'),(27,'C000019','Client19','RCT19','PARTICULIER',2,NULL,0,'2023-07-15 00:00:00'),(28,'C000020','Client20','RCT20','PARTICULIER',1,NULL,0,'2023-07-08 00:00:00'),(29,'C000021','Client21','RCT21','PARTICULIER',2,NULL,0,'2022-07-04 00:00:00'),(30,'C000022','Client22','RCT22','PARTICULIER',1,NULL,0,'2022-06-13 00:00:00'),(31,'C000023','Client23','RCT23','PARTICULIER',2,NULL,0,'2022-09-22 00:00:00'),(32,'C000024','Client24','RCT24','PARTICULIER',1,NULL,0,'2024-04-09 00:00:00'),(33,'C000025','Client25','RCT25','PARTICULIER',2,NULL,0,'2023-10-18 00:00:00'),(34,'C000026','Client26','RCT26','PARTICULIER',1,NULL,0,'2024-02-28 00:00:00'),(35,'C000027','Client27','RCT27','PARTICULIER',2,NULL,0,'2022-06-27 00:00:00'),(36,'C000028','Client28','RCT28','PARTICULIER',1,NULL,0,'2022-11-19 00:00:00'),(37,'C000029','Client29','RCT29','PARTICULIER',2,NULL,0,'2022-06-27 00:00:00'),(38,'C000030','Client30','RCT30','PARTICULIER',1,NULL,0,'2024-03-30 00:00:00'),(39,'C000031','Client31','RCT31','PARTICULIER',2,NULL,0,'2024-05-18 00:00:00'),(40,'C000032','Client32','RCT32','PARTICULIER',1,NULL,0,'2022-03-22 00:00:00'),(41,'C000033','Client33','RCT33','PARTICULIER',2,NULL,0,'2023-05-14 00:00:00'),(42,'C000034','Client34','RCT34','PARTICULIER',1,NULL,0,'2023-03-26 00:00:00'),(43,'C000035','Client35','RCT35','PARTICULIER',2,NULL,0,'2024-01-24 00:00:00'),(44,'C000036','Client36','RCT36','PARTICULIER',1,NULL,0,'2023-09-09 00:00:00'),(45,'C000037','Client37','RCT37','PARTICULIER',2,NULL,0,'2024-04-05 00:00:00'),(46,'C000038','Client38','RCT38','PARTICULIER',1,NULL,0,'2023-04-22 00:00:00'),(47,'C000039','Client39','RCT39','PARTICULIER',2,NULL,0,'2024-03-17 00:00:00'),(48,'C000040','Client40','RCT40','PARTICULIER',1,NULL,0,'2024-03-12 00:00:00'),(49,'C000041','Client41','RCT41','PARTICULIER',2,NULL,0,'2023-11-19 00:00:00'),(50,'C000042','Client42','RCT42','PARTICULIER',1,NULL,0,'2022-05-14 00:00:00'),(51,'C000043','Client43','RCT43','PARTICULIER',2,NULL,0,'2023-02-10 00:00:00'),(52,'C000044','Client44','RCT44','PARTICULIER',1,NULL,0,'2023-12-27 00:00:00'),(53,'C000045','Client45','RCT45','PARTICULIER',2,NULL,0,'2023-09-04 00:00:00'),(54,'C000046','Client46','RCT46','PARTICULIER',1,NULL,0,'2024-06-02 00:00:00'),(55,'C000047','Client47','RCT47','PARTICULIER',2,NULL,0,'2024-02-19 00:00:00'),(56,'C000048','Client48','RCT48','PARTICULIER',1,NULL,0,'2022-12-15 00:00:00'),(57,'C000049','Client49','RCT49','PARTICULIER',2,NULL,0,'2022-11-01 00:00:00'),(58,'C000050','Client50','RCT50','PARTICULIER',1,NULL,0,'2023-04-23 00:00:00'),(59,'C000051','Client51','RCT51','PARTICULIER',2,NULL,0,'2023-07-26 00:00:00'),(60,'C000052','Client52','RCT52','PARTICULIER',1,NULL,0,'2023-06-10 00:00:00'),(61,'C000053','Client53','RCT53','PARTICULIER',2,NULL,0,'2022-01-14 00:00:00'),(62,'C000054','Client54','RCT54','PARTICULIER',1,NULL,0,'2022-10-17 00:00:00'),(63,'C000055','Client55','RCT55','PARTICULIER',2,NULL,0,'2023-05-22 00:00:00'),(64,'C000056','Client56','RCT56','PARTICULIER',1,NULL,0,'2024-02-06 00:00:00'),(65,'C000057','Client57','RCT57','PARTICULIER',2,NULL,0,'2023-05-29 00:00:00'),(66,'C000058','Client58','RCT58','PARTICULIER',1,NULL,0,'2022-09-26 00:00:00'),(67,'C000059','Client59','RCT59','PARTICULIER',2,NULL,0,'2023-12-04 00:00:00'),(68,'C000060','Client60','RCT60','PARTICULIER',1,NULL,0,'2022-01-06 00:00:00'),(69,'C000061','Client61','RCT61','PARTICULIER',2,NULL,0,'2023-09-11 00:00:00'),(70,'C000062','Client62','RCT62','PARTICULIER',1,NULL,0,'2023-01-13 00:00:00'),(71,'C000063','Client63','RCT63','PARTICULIER',2,NULL,0,'2022-02-01 00:00:00'),(72,'C000064','Client64','RCT64','PARTICULIER',1,NULL,0,'2024-04-03 00:00:00'),(73,'C000065','Client65','RCT65','PARTICULIER',2,NULL,0,'2023-02-27 00:00:00'),(74,'C000066','Client66','RCT66','PARTICULIER',1,NULL,0,'2023-06-29 00:00:00'),(75,'C000067','Client67','RCT67','PARTICULIER',2,NULL,0,'2023-07-07 00:00:00'),(76,'C000068','Client68','RCT68','PARTICULIER',1,NULL,0,'2022-08-17 00:00:00'),(77,'C000069','Client69','RCT69','PARTICULIER',2,NULL,0,'2023-01-21 00:00:00'),(78,'C000070','Client70','RCT70','PARTICULIER',1,NULL,0,'2022-12-09 00:00:00'),(79,'C000071','Client71','RCT71','PARTICULIER',2,NULL,0,'2023-07-10 00:00:00'),(80,'C000072','Client72','RCT72','PARTICULIER',1,NULL,0,'2024-04-30 00:00:00'),(81,'C000073','Client73','RCT73','PARTICULIER',2,NULL,0,'2024-02-24 00:00:00'),(82,'C000074','Client74','RCT74','PARTICULIER',1,NULL,0,'2023-04-15 00:00:00'),(83,'C000075','Client75','RCT75','PARTICULIER',2,NULL,0,'2024-06-16 00:00:00'),(84,'C000076','Client76','RCT76','PARTICULIER',1,NULL,0,'2023-01-15 00:00:00'),(85,'C000077','Client77','RCT77','PARTICULIER',2,NULL,0,'2022-04-13 00:00:00'),(86,'C000078','Client78','RCT78','PARTICULIER',1,NULL,0,'2022-10-04 00:00:00'),(87,'C000079','Client79','RCT79','PARTICULIER',2,NULL,0,'2022-06-24 00:00:00'),(88,'C000080','Client80','RCT80','PARTICULIER',1,NULL,0,'2022-02-14 00:00:00'),(89,'C000081','Client81','RCT81','PARTICULIER',2,NULL,0,'2023-08-20 00:00:00'),(90,'C000082','Client82','RCT82','PARTICULIER',1,NULL,0,'2022-05-31 00:00:00'),(91,'C000083','Client83','RCT83','PARTICULIER',2,NULL,0,'2024-01-31 00:00:00'),(92,'C000084','Client84','RCT84','PARTICULIER',1,NULL,0,'2023-10-15 00:00:00'),(93,'C000085','Client85','RCT85','PARTICULIER',2,NULL,0,'2022-03-20 00:00:00'),(94,'C000086','Client86','RCT86','PARTICULIER',1,NULL,0,'2022-08-27 00:00:00'),(95,'C000087','Client87','RCT87','PARTICULIER',2,NULL,0,'2022-02-25 00:00:00'),(96,'C000088','Client88','RCT88','PARTICULIER',1,NULL,0,'2023-04-07 00:00:00'),(97,'C000089','Client89','RCT89','PARTICULIER',2,NULL,0,'2022-12-10 00:00:00'),(98,'C000090','Client90','RCT90','PARTICULIER',1,NULL,0,'2022-11-28 00:00:00'),(99,'C000091','Client91','RCT91','PARTICULIER',2,NULL,0,'2023-09-19 00:00:00'),(100,'C000092','Client92','RCT92','PARTICULIER',1,NULL,0,'2022-12-05 00:00:00'),(101,'C000093','Client93','RCT93','PARTICULIER',2,NULL,0,'2023-12-16 00:00:00'),(102,'C000094','Client94','RCT94','PARTICULIER',1,NULL,0,'2024-01-25 00:00:00'),(103,'C000095','Client95','RCT95','PARTICULIER',2,NULL,0,'2023-12-30 00:00:00'),(104,'C000096','Client96','RCT96','PARTICULIER',1,NULL,0,'2023-04-28 00:00:00'),(105,'C000097','Client97','RCT97','PARTICULIER',2,NULL,0,'2022-08-12 00:00:00'),(106,'C000098','Client98','RCT98','PARTICULIER',1,NULL,0,'2023-07-24 00:00:00'),(107,'C000099','Client99','RCT99','PARTICULIER',2,NULL,0,'2023-01-15 00:00:00'),(108,'C000100','Client100','RCT10','PARTICULIER',1,NULL,0,'2022-07-09 00:00:00'),(109,'C000101','Client101','RCT10','PARTICULIER',2,NULL,0,'2023-12-11 00:00:00'),(110,'C000102','Client102','RCT10','PARTICULIER',1,NULL,0,'2022-10-03 00:00:00'),(111,'C000103','Client103','RCT10','PARTICULIER',2,NULL,0,'2022-06-02 00:00:00'),(112,'C000104','Client104','RCT10','PARTICULIER',1,NULL,0,'2024-04-13 00:00:00'),(113,'C000105','Client105','RCT10','PARTICULIER',2,NULL,0,'2022-04-23 00:00:00'),(114,'C000106','Client106','RCT10','PARTICULIER',1,NULL,0,'2024-01-31 00:00:00'),(115,'C000107','Client107','RCT10','PARTICULIER',2,NULL,0,'2024-02-05 00:00:00'),(116,'C000108','Client108','RCT10','PARTICULIER',1,NULL,0,'2023-10-09 00:00:00'),(117,'C000109','Client109','RCT10','PARTICULIER',2,NULL,0,'2022-02-03 00:00:00'),(118,'C000110','Client110','RCT11','PARTICULIER',1,NULL,0,'2022-02-01 00:00:00'),(119,'C000111','Client111','RCT11','PARTICULIER',2,NULL,0,'2022-02-23 00:00:00'),(120,'C000112','Client112','RCT11','PARTICULIER',1,NULL,0,'2022-06-24 00:00:00'),(121,'C000113','Client113','RCT11','PARTICULIER',2,NULL,0,'2023-12-14 00:00:00'),(122,'C000114','Client114','RCT11','PARTICULIER',1,NULL,0,'2022-12-05 00:00:00'),(123,'C000115','Client115','RCT11','PARTICULIER',2,NULL,0,'2023-03-30 00:00:00'),(124,'C000116','Client116','RCT11','PARTICULIER',1,NULL,0,'2022-12-21 00:00:00'),(125,'C000117','Client117','RCT11','PARTICULIER',2,NULL,0,'2023-02-13 00:00:00'),(126,'C000118','Client118','RCT11','PARTICULIER',1,NULL,0,'2022-03-24 00:00:00'),(127,'C000119','Client119','RCT11','PARTICULIER',2,NULL,0,'2022-03-29 00:00:00'),(128,'C000120','Client120','RCT12','PARTICULIER',1,NULL,0,'2022-07-08 00:00:00'),(129,'C000121','Client121','RCT12','PARTICULIER',2,NULL,0,'2023-11-11 00:00:00'),(130,'C000122','Client122','RCT12','PARTICULIER',1,NULL,0,'2022-05-11 00:00:00'),(131,'C000123','Client123','RCT12','PARTICULIER',2,NULL,0,'2023-02-21 00:00:00'),(132,'C000124','Client124','RCT12','PARTICULIER',1,NULL,0,'2024-02-29 00:00:00'),(133,'C000125','Client125','RCT12','PARTICULIER',2,NULL,0,'2024-06-16 00:00:00'),(134,'C000126','Client126','RCT12','PARTICULIER',1,NULL,0,'2022-11-15 00:00:00'),(135,'C000127','Client127','RCT12','PARTICULIER',2,NULL,0,'2023-12-04 00:00:00'),(136,'C000128','Client128','RCT12','PARTICULIER',1,NULL,0,'2024-01-25 00:00:00'),(137,'C000129','Client129','RCT12','PARTICULIER',2,NULL,0,'2024-02-04 00:00:00'),(138,'C000130','Client130','RCT13','PARTICULIER',1,NULL,0,'2023-10-23 00:00:00'),(139,'C000131','Client131','RCT13','PARTICULIER',2,NULL,0,'2022-04-20 00:00:00'),(140,'C000132','Client132','RCT13','PARTICULIER',1,NULL,0,'2023-01-03 00:00:00'),(141,'C000133','Client133','RCT13','PARTICULIER',2,NULL,0,'2023-08-31 00:00:00'),(142,'C000134','Client134','RCT13','PARTICULIER',1,NULL,0,'2022-05-16 00:00:00'),(143,'C000135','Client135','RCT13','PARTICULIER',2,NULL,0,'2023-10-19 00:00:00'),(144,'C000136','Client136','RCT13','PARTICULIER',1,NULL,0,'2022-06-23 00:00:00'),(145,'C000137','Client137','RCT13','PARTICULIER',2,NULL,0,'2023-12-01 00:00:00'),(146,'C000138','Client138','RCT13','PARTICULIER',1,NULL,0,'2022-10-03 00:00:00'),(147,'C000139','Client139','RCT13','PARTICULIER',2,NULL,0,'2022-06-30 00:00:00'),(148,'C000140','Client140','RCT14','PARTICULIER',1,NULL,0,'2022-03-18 00:00:00'),(149,'C000141','Client141','RCT14','PARTICULIER',2,NULL,0,'2024-01-12 00:00:00'),(150,'C000142','Client142','RCT14','PARTICULIER',1,NULL,0,'2024-02-17 00:00:00'),(151,'C000143','Client143','RCT14','PARTICULIER',2,NULL,0,'2024-02-01 00:00:00'),(152,'C000144','Client144','RCT14','PARTICULIER',1,NULL,0,'2023-08-01 00:00:00'),(153,'C000145','Client145','RCT14','PARTICULIER',2,NULL,0,'2023-08-27 00:00:00'),(154,'C000146','Client146','RCT14','PARTICULIER',1,NULL,0,'2023-01-20 00:00:00'),(155,'C000147','Client147','RCT14','PARTICULIER',2,NULL,0,'2022-04-21 00:00:00'),(156,'C000148','Client148','RCT14','PARTICULIER',1,NULL,0,'2022-10-26 00:00:00'),(157,'C000149','Client149','RCT14','PARTICULIER',2,NULL,0,'2022-09-19 00:00:00'),(158,'C000150','Client150','RCT15','PARTICULIER',1,NULL,0,'2023-02-16 00:00:00'),(159,'C000151','Client151','RCT15','PARTICULIER',2,NULL,0,'2023-01-11 00:00:00'),(160,'C000152','Client152','RCT15','PARTICULIER',1,NULL,0,'2023-10-03 00:00:00'),(161,'C000153','Client153','RCT15','PARTICULIER',2,NULL,0,'2022-10-03 00:00:00'),(162,'C000154','Client154','RCT15','PARTICULIER',1,NULL,0,'2022-12-23 00:00:00'),(163,'C000155','Client155','RCT15','PARTICULIER',2,NULL,0,'2022-02-26 00:00:00'),(164,'C000156','Client156','RCT15','PARTICULIER',1,NULL,0,'2022-04-22 00:00:00'),(165,'C000157','Client157','RCT15','PARTICULIER',2,NULL,0,'2023-01-23 00:00:00'),(166,'C000158','Client158','RCT15','PARTICULIER',1,NULL,0,'2023-12-06 00:00:00'),(167,'C000159','Client159','RCT15','PARTICULIER',2,NULL,0,'2023-07-13 00:00:00'),(168,'C000160','Client160','RCT16','PARTICULIER',1,NULL,0,'2023-11-10 00:00:00'),(169,'C000161','Client161','RCT16','PARTICULIER',2,NULL,0,'2024-03-30 00:00:00'),(170,'C000162','Client162','RCT16','PARTICULIER',1,NULL,0,'2022-09-20 00:00:00'),(171,'C000163','Client163','RCT16','PARTICULIER',2,NULL,0,'2023-10-16 00:00:00'),(172,'C000164','Client164','RCT16','PARTICULIER',1,NULL,0,'2023-11-11 00:00:00'),(173,'C000165','Client165','RCT16','PARTICULIER',2,NULL,0,'2023-06-23 00:00:00'),(174,'C000166','Client166','RCT16','PARTICULIER',1,NULL,0,'2023-10-16 00:00:00'),(175,'C000167','Client167','RCT16','PARTICULIER',2,NULL,0,'2024-01-23 00:00:00'),(176,'C000168','Client168','RCT16','PARTICULIER',1,NULL,0,'2022-01-02 00:00:00'),(177,'C000169','Client169','RCT16','PARTICULIER',2,NULL,0,'2023-03-27 00:00:00'),(178,'C000170','Client170','RCT17','PARTICULIER',1,NULL,0,'2023-03-24 00:00:00'),(179,'C000171','Client171','RCT17','PARTICULIER',2,NULL,0,'2024-06-06 00:00:00'),(180,'C000172','Client172','RCT17','PARTICULIER',1,NULL,0,'2023-01-29 00:00:00'),(181,'C000173','Client173','RCT17','PARTICULIER',2,NULL,0,'2022-07-24 00:00:00'),(182,'C000174','Client174','RCT17','PARTICULIER',1,NULL,0,'2024-01-15 00:00:00'),(183,'C000175','Client175','RCT17','PARTICULIER',2,NULL,0,'2023-02-13 00:00:00'),(184,'C000176','Client176','RCT17','PARTICULIER',1,NULL,0,'2023-12-08 00:00:00'),(185,'C000177','Client177','RCT17','PARTICULIER',2,NULL,0,'2023-05-23 00:00:00'),(186,'C000178','Client178','RCT17','PARTICULIER',1,NULL,0,'2023-02-23 00:00:00'),(187,'C000179','Client179','RCT17','PARTICULIER',2,NULL,0,'2023-07-26 00:00:00'),(188,'C000180','Client180','RCT18','PARTICULIER',1,NULL,0,'2023-12-04 00:00:00'),(189,'C000181','Client181','RCT18','PARTICULIER',2,NULL,0,'2024-06-14 00:00:00'),(190,'C000182','Client182','RCT18','PARTICULIER',1,NULL,0,'2023-07-24 00:00:00'),(191,'C000183','Client183','RCT18','PARTICULIER',2,NULL,0,'2022-06-12 00:00:00'),(192,'C000184','Client184','RCT18','PARTICULIER',1,NULL,0,'2022-01-03 00:00:00'),(193,'C000185','Client185','RCT18','PARTICULIER',2,NULL,0,'2023-03-03 00:00:00'),(194,'C000186','Client186','RCT18','PARTICULIER',1,NULL,0,'2022-11-21 00:00:00'),(195,'C000187','Client187','RCT18','PARTICULIER',2,NULL,0,'2022-12-09 00:00:00'),(196,'C000188','Client188','RCT18','PARTICULIER',1,NULL,0,'2024-01-10 00:00:00'),(197,'C000189','Client189','RCT18','PARTICULIER',2,NULL,0,'2024-05-18 00:00:00'),(198,'C000190','Client190','RCT19','PARTICULIER',1,NULL,0,'2022-11-23 00:00:00'),(199,'C000191','Client191','RCT19','PARTICULIER',2,NULL,0,'2024-04-06 00:00:00'),(200,'C000192','Client192','RCT19','PARTICULIER',1,NULL,0,'2023-03-28 00:00:00'),(201,'C000193','Client193','RCT19','PARTICULIER',2,NULL,0,'2023-11-12 00:00:00'),(202,'C000194','Client194','RCT19','PARTICULIER',1,NULL,0,'2022-09-04 00:00:00'),(203,'C000195','Client195','RCT19','PARTICULIER',2,NULL,0,'2022-04-02 00:00:00'),(204,'C000196','Client196','RCT19','PARTICULIER',1,NULL,0,'2023-09-10 00:00:00'),(205,'C000197','Client197','RCT19','PARTICULIER',2,NULL,0,'2022-04-23 00:00:00'),(206,'C000198','Client198','RCT19','PARTICULIER',1,NULL,0,'2023-05-26 00:00:00'),(207,'C000199','Client199','RCT19','PARTICULIER',2,NULL,0,'2023-02-20 00:00:00'),(208,'3333','Rafioun test','2223',NULL,2,NULL,0,'2024-06-12 17:49:31'),(209,'-012345','gg','11',NULL,2,'2024-06-19 11:09:22',1,'2024-06-12 17:50:31'),(210,'332','cd','232',NULL,NULL,NULL,0,'2024-06-13 13:52:38'),(211,'23432','cdxdc','3323',NULL,2,NULL,0,'2024-06-18 14:58:53'),(212,'sdw','edfde','edfdq',NULL,2,NULL,0,'2024-06-18 15:01:13'),(213,'4567','lalal','frr',NULL,2,NULL,0,'2024-06-19 14:47:23'),(214,'0908','RAFRAF','RCTui',NULL,1,NULL,0,'2024-06-19 14:52:47'),(215,'09089','RAF','fd',NULL,1,NULL,0,'2024-06-19 14:56:39'),(216,'090','3','3',NULL,1,NULL,0,'2024-06-19 14:58:57'),(217,'09','w','w',NULL,1,NULL,0,'2024-06-19 15:01:45'),(218,'243','eee','err',NULL,1,NULL,0,'2024-06-19 15:09:03'),(219,'e3','32','3332',NULL,2,NULL,0,'2024-06-19 15:13:25'),(220,'87','RAFFF','ee','RAF',1,NULL,0,'2024-06-19 15:19:04'),(221,'08','RAFF','dd','RAF',1,NULL,0,'2024-06-19 15:26:15'),(222,'3432','TEST','dds','RAF',1,NULL,0,'2024-06-19 15:28:48'),(223,'3421','wq','weww','e32',NULL,NULL,0,'2024-06-19 15:29:34'),(224,'32','ww','323','w',NULL,NULL,0,'2024-06-19 15:31:07'),(225,'32w','ew','eew','eww',NULL,NULL,0,'2024-06-19 15:31:33'),(226,'089','RAF','eew','ewe',1,NULL,0,'2024-06-19 16:04:54'),(227,'7578','RAFIOU','RAF','RAF',1,NULL,0,'2024-06-19 17:32:20'),(228,'012345','TESTDEL','D','DEL',2,NULL,0,'2024-06-19 17:49:39'),(229,'333221','1232','2122222222222','221',2,NULL,0,'2024-06-19 21:45:21'),(230,'0123','3dd','rfe','das',2,NULL,0,'2024-06-19 22:46:58'),(231,'0124','3232','21','2233q',2,NULL,0,'2024-06-19 22:51:06'),(232,'121','sa','111111','sa',1,NULL,0,'2024-06-19 23:07:28'),(233,'333','RAFFF','3wew','eer',2,NULL,0,'2024-06-20 00:38:38'),(234,'3332','3232','2222',NULL,1,NULL,0,'2024-06-20 10:22:50'),(235,'331','212','212',NULL,1,NULL,0,'2024-06-20 10:23:17'),(236,'33ee','ee','eeww',NULL,2,NULL,0,'2024-06-20 11:37:37'),(237,'222','RAFNEST','2223Z',NULL,2,NULL,0,'2024-06-20 11:41:41'),(238,'2226','RAFNEST','4gtt',NULL,2,NULL,0,'2024-06-20 11:48:07'),(239,'3s','ewddced','ecde',NULL,2,NULL,0,'2024-06-20 11:49:56'),(240,'3secee','xsd','wx',NULL,2,NULL,0,'2024-06-20 11:50:25'),(241,'eee','eee','wxeee',NULL,2,NULL,0,'2024-06-20 11:56:33'),(242,'333w','RAFFNNN','wwwzzz',NULL,2,NULL,0,'2024-06-20 12:08:12'),(243,'wwwwwwww','2322','22',NULL,1,NULL,0,'2024-06-20 12:20:08'),(244,'33333(DEL)','wewwe(DELETED)','weqwe(DEL)',NULL,0,'2024-06-20 16:25:01',1,'2024-06-20 16:21:23');
/*!40000 ALTER TABLE `clients` ENABLE KEYS */;
UNLOCK TABLES;
/*!50003 SET @saved_cs_client      = @@character_set_client */ ;
/*!50003 SET @saved_cs_results     = @@character_set_results */ ;
/*!50003 SET @saved_col_connection = @@collation_connection */ ;
/*!50003 SET character_set_client  = utf8mb4 */ ;
/*!50003 SET character_set_results = utf8mb4 */ ;
/*!50003 SET collation_connection  = utf8mb4_0900_ai_ci */ ;
/*!50003 SET @saved_sql_mode       = @@sql_mode */ ;
/*!50003 SET sql_mode              = 'ONLY_FULL_GROUP_BY,STRICT_TRANS_TABLES,NO_ZERO_IN_DATE,NO_ZERO_DATE,ERROR_FOR_DIVISION_BY_ZERO,NO_ENGINE_SUBSTITUTION' */ ;
DELIMITER ;;
/*!50003 CREATE*/ /*!50017 DEFINER=`root`@`localhost`*/ /*!50003 TRIGGER `increment_client_count` AFTER INSERT ON `clients` FOR EACH ROW BEGIN
    UPDATE agences
    SET client_count = client_count + 1
    WHERE id = NEW.agence_id;
END */;;
DELIMITER ;
/*!50003 SET sql_mode              = @saved_sql_mode */ ;
/*!50003 SET character_set_client  = @saved_cs_client */ ;
/*!50003 SET character_set_results = @saved_cs_results */ ;
/*!50003 SET collation_connection  = @saved_col_connection */ ;
/*!50003 SET @saved_cs_client      = @@character_set_client */ ;
/*!50003 SET @saved_cs_results     = @@character_set_results */ ;
/*!50003 SET @saved_col_connection = @@collation_connection */ ;
/*!50003 SET character_set_client  = utf8mb4 */ ;
/*!50003 SET character_set_results = utf8mb4 */ ;
/*!50003 SET collation_connection  = utf8mb4_0900_ai_ci */ ;
/*!50003 SET @saved_sql_mode       = @@sql_mode */ ;
/*!50003 SET sql_mode              = 'ONLY_FULL_GROUP_BY,STRICT_TRANS_TABLES,NO_ZERO_IN_DATE,NO_ZERO_DATE,ERROR_FOR_DIVISION_BY_ZERO,NO_ENGINE_SUBSTITUTION' */ ;
DELIMITER ;;
/*!50003 CREATE*/ /*!50017 DEFINER=`root`@`localhost`*/ /*!50003 TRIGGER `decrement_client_count` AFTER DELETE ON `clients` FOR EACH ROW BEGIN
    UPDATE agences
    SET client_count = client_count - 1
    WHERE id = OLD.agence_id;
END */;;
DELIMITER ;
/*!50003 SET sql_mode              = @saved_sql_mode */ ;
/*!50003 SET character_set_client  = @saved_cs_client */ ;
/*!50003 SET character_set_results = @saved_cs_results */ ;
/*!50003 SET collation_connection  = @saved_col_connection */ ;

--
-- Table structure for table `evaluateurs`
--

DROP TABLE IF EXISTS `evaluateurs`;
/*!40101 SET @saved_cs_client     = @@character_set_client */;
/*!50503 SET character_set_client = utf8mb4 */;
CREATE TABLE `evaluateurs` (
  `id` int NOT NULL AUTO_INCREMENT,
  `nom_prenom` varchar(45) NOT NULL,
  `tel` varchar(15) NOT NULL,
  `email` varchar(25) NOT NULL,
  `fonction_evaluateur` varchar(25) NOT NULL,
  `nom_structure` varchar(15) NOT NULL,
  `created` timestamp NULL DEFAULT CURRENT_TIMESTAMP,
  `del` tinyint(1) DEFAULT '0',
  `del_at` timestamp NULL DEFAULT NULL,
  PRIMARY KEY (`id`),
  UNIQUE KEY `email_UNIQUE` (`email`),
  UNIQUE KEY `tel_UNIQUE` (`tel`)
) ENGINE=InnoDB AUTO_INCREMENT=53 DEFAULT CHARSET=ascii;
/*!40101 SET character_set_client = @saved_cs_client */;

--
-- Dumping data for table `evaluateurs`
--

LOCK TABLES `evaluateurs` WRITE;
/*!40000 ALTER TABLE `evaluateurs` DISABLE KEYS */;
INSERT INTO `evaluateurs` VALUES (1,'DIALLO MAMADOU ALIOU','0','0','ADMIN','CABINET A&D','2024-06-07 17:15:23',1,NULL),(2,'Evaluator 0','626550000','eval0@test.com','ADMIN','Structure 0','2024-06-08 03:00:23',0,NULL),(3,'Evaluator 1','626550001','eval1@test.com','ADMIN','Structure 1','2024-06-08 03:00:23',0,NULL),(4,'Evaluator 2','626550002','eval2@test.com','ADMIN','Structure 2','2024-06-08 03:00:23',0,NULL),(5,'Evaluator 3','626550003','eval3@test.com','ADMIN','Structure 3','2024-06-08 03:00:23',0,NULL),(6,'Evaluator 4','626550004','eval4@test.com','ADMIN','Structure 4','2024-06-08 03:00:23',0,NULL),(7,'Evaluator 5','626550005','eval5@test.com','ADMIN','Structure 5','2024-06-08 03:00:23',0,NULL),(8,'Evaluator 6','626550006','eval6@test.com','ADMIN','Structure 6','2024-06-08 03:00:23',0,NULL),(9,'Evaluator 7','626550007','eval7@test.com','ADMIN','Structure 7','2024-06-08 03:00:23',0,NULL),(10,'Evaluator 8','626550008','eval8@test.com','ADMIN','Structure 8','2024-06-08 03:00:23',0,NULL),(11,'Evaluator 9','626550009','eval9@test.com','ADMIN','Structure 9','2024-06-08 03:00:23',0,NULL),(12,'Evaluator 10','626550010','eval10@test.com','ADMIN','Structure 10','2024-06-08 03:00:23',0,NULL),(13,'Evaluator 11','626550011','eval11@test.com','ADMIN','Structure 11','2024-06-08 03:00:23',0,NULL),(14,'Evaluator 12','626550012','eval12@test.com','ADMIN','Structure 12','2024-06-08 03:00:23',0,NULL),(15,'Evaluator 13','626550013','eval13@test.com','ADMIN','Structure 13','2024-06-08 03:00:23',0,NULL),(16,'Evaluator 14','626550014','eval14@test.com','ADMIN','Structure 14','2024-06-08 03:00:23',0,NULL),(17,'Evaluator 15','626550015','eval15@test.com','ADMIN','Structure 15','2024-06-08 03:00:23',0,NULL),(18,'Evaluator 16','626550016','eval16@test.com','ADMIN','Structure 16','2024-06-08 03:00:23',0,NULL),(19,'Evaluator 17','626550017','eval17@test.com','ADMIN','Structure 17','2024-06-08 03:00:23',0,NULL),(20,'Evaluator 18','626550018','eval18@test.com','ADMIN','Structure 18','2024-06-08 03:00:23',0,NULL),(21,'Evaluator 19','626550019','eval19@test.com','ADMIN','Structure 19','2024-06-08 03:00:23',0,NULL),(22,'Evaluator 20','626550020','eval20@test.com','ADMIN','Structure 20','2024-06-08 03:00:23',0,NULL),(23,'Evaluator 21','626550021','eval21@test.com','ADMIN','Structure 21','2024-06-08 03:00:23',0,NULL),(24,'Evaluator 22','626550022','eval22@test.com','ADMIN','Structure 22','2024-06-08 03:00:23',0,NULL),(25,'Evaluator 23','626550023','eval23@test.com','ADMIN','Structure 23','2024-06-08 03:00:23',0,NULL),(26,'Evaluator 24','626550024','eval24@test.com','ADMIN','Structure 24','2024-06-08 03:00:23',0,NULL),(27,'Evaluator 25','626550025','eval25@test.com','ADMIN','Structure 25','2024-06-08 03:00:23',0,NULL),(28,'Evaluator 26','626550026','eval26@test.com','ADMIN','Structure 26','2024-06-08 03:00:23',0,NULL),(29,'Evaluator 27','626550027','eval27@test.com','ADMIN','Structure 27','2024-06-08 03:00:23',0,NULL),(30,'Evaluator 28','626550028','eval28@test.com','ADMIN','Structure 28','2024-06-08 03:00:23',0,NULL),(31,'Evaluator 29','626550029','eval29@test.com','ADMIN','Structure 29','2024-06-08 03:00:23',0,NULL),(32,'Evaluator 30','626550030','eval30@test.com','ADMIN','Structure 30','2024-06-08 03:00:23',0,NULL),(33,'Evaluator 31','626550031','eval31@test.com','ADMIN','Structure 31','2024-06-08 03:00:23',0,NULL),(34,'Evaluator 32','626550032','eval32@test.com','ADMIN','Structure 32','2024-06-08 03:00:23',0,NULL),(35,'Evaluator 33','626550033','eval33@test.com','ADMIN','Structure 33','2024-06-08 03:00:23',0,NULL),(36,'Evaluator 34','626550034','eval34@test.com','ADMIN','Structure 34','2024-06-08 03:00:23',0,NULL),(37,'Evaluator 35','626550035','eval35@test.com','ADMIN','Structure 35','2024-06-08 03:00:23',0,NULL),(38,'Evaluator 36','626550036','eval36@test.com','ADMIN','Structure 36','2024-06-08 03:00:23',0,NULL),(39,'Evaluator 37','626550037','eval37@test.com','ADMIN','Structure 37','2024-06-08 03:00:23',0,NULL),(40,'Evaluator 38','626550038','eval38@test.com','ADMIN','Structure 38','2024-06-08 03:00:23',0,NULL),(41,'Evaluator 39','626550039','eval39@test.com','ADMIN','Structure 39','2024-06-08 03:00:23',0,NULL),(42,'Evaluator 40','626550040','eval40@test.com','ADMIN','Structure 40','2024-06-08 03:00:23',0,NULL),(43,'Evaluator 41','626550041','eval41@test.com','ADMIN','Structure 41','2024-06-08 03:00:23',0,NULL),(44,'Evaluator 42','626550042','eval42@test.com','ADMIN','Structure 42','2024-06-08 03:00:23',0,NULL),(45,'Evaluator 43','626550043','eval43@test.com','ADMIN','Structure 43','2024-06-08 03:00:23',0,NULL),(46,'Evaluator 44','626550044','eval44@test.com','ADMIN','Structure 44','2024-06-08 03:00:23',0,NULL),(47,'Evaluator 45','626550045','eval45@test.com','ADMIN','Structure 45','2024-06-08 03:00:23',0,NULL),(48,'Evaluator 46','626550046','eval46@test.com','ADMIN','Structure 46','2024-06-08 03:00:23',0,NULL),(49,'Evaluator 47','626550047','eval47@test.com','ADMIN','Structure 47','2024-06-08 03:00:23',0,NULL),(50,'Evaluator 48','626550048','eval48@test.com','ADMIN','Structure 48','2024-06-08 03:00:23',0,NULL),(51,'Evaluator 49','626550049','eval49@test.com','ADMIN','Structure 49','2024-06-08 03:00:23',0,NULL),(52,'eew','626550258	','niga@gmail.com','rewee','e','2024-06-13 23:01:03',0,NULL);
/*!40000 ALTER TABLE `evaluateurs` ENABLE KEYS */;
UNLOCK TABLES;

--
-- Table structure for table `evaluations`
--

DROP TABLE IF EXISTS `evaluations`;
/*!40101 SET @saved_cs_client     = @@character_set_client */;
/*!50503 SET character_set_client = utf8mb4 */;
CREATE TABLE `evaluations` (
  `id` int NOT NULL AUTO_INCREMENT,
  `frequence` varchar(10) NOT NULL,
  `valeur_garantie` varchar(30) NOT NULL,
  `date_fin` date NOT NULL,
  `evaluateur_id` int DEFAULT NULL,
  `garantie_id` int DEFAULT NULL,
  `date_debut` timestamp NULL DEFAULT CURRENT_TIMESTAMP,
  `del` tinyint(1) DEFAULT '0',
  `del_at` timestamp NULL DEFAULT NULL,
  PRIMARY KEY (`id`),
  KEY `evaluateur_fkey` (`evaluateur_id`),
  KEY `garantie_fkey` (`garantie_id`),
  CONSTRAINT `evaluateur_fkey` FOREIGN KEY (`evaluateur_id`) REFERENCES `evaluateurs` (`id`),
  CONSTRAINT `garantie_fkey` FOREIGN KEY (`garantie_id`) REFERENCES `garanties` (`id`)
) ENGINE=InnoDB AUTO_INCREMENT=163 DEFAULT CHARSET=ascii;
/*!40101 SET character_set_client = @saved_cs_client */;

--
-- Dumping data for table `evaluations`
--

LOCK TABLES `evaluations` WRITE;
/*!40000 ALTER TABLE `evaluations` DISABLE KEYS */;
INSERT INTO `evaluations` VALUES (1,'Semestriel','100000000','2021-12-18',1,1,'2021-07-18 00:00:00',1,'2024-06-21 11:00:02'),(2,'Annuel','100000','2023-01-12',1,1,'2022-11-12 00:00:00',1,'2024-06-21 11:00:02'),(4,'Annuel','100000','2022-04-19',1,1,'2021-10-19 00:00:00',1,'2024-06-21 11:00:02'),(6,'Annuel','100000','2023-03-02',1,1,'2022-11-02 00:00:00',1,'2024-06-21 11:00:02'),(8,'Annuel','100000','2024-07-09',1,1,'2024-05-09 00:00:00',1,'2024-06-21 11:00:02'),(10,'Annuel','100000','2022-06-07',1,1,'2021-12-07 00:00:00',1,'2024-06-21 11:00:02'),(12,'Annuel','100000','2022-11-25',1,3,'2022-06-25 00:00:00',1,'2024-06-21 11:00:02'),(14,'Annuel','100000','2022-07-04',1,3,'2022-03-04 00:00:00',1,'2024-06-21 11:00:02'),(16,'Annuel','100000','2022-10-28',1,5,'2022-05-28 00:00:00',1,'2024-06-21 11:00:02'),(17,'Annuel','101000','2021-05-24',2,6,'2021-01-24 00:00:00',0,NULL),(18,'Annuel','102000','2024-02-29',3,7,'2023-12-29 00:00:00',0,NULL),(19,'Annuel','103000','2022-03-02',4,8,'2022-01-02 00:00:00',0,NULL),(20,'Annuel','104000','2024-06-05',5,9,'2023-12-05 00:00:00',0,NULL),(21,'Annuel','105000','2022-08-19',6,10,'2022-04-19 00:00:00',0,NULL),(22,'Annuel','106000','2022-08-22',7,11,'2022-02-22 00:00:00',0,NULL),(23,'Annuel','107000','2023-04-29',8,12,'2022-10-29 00:00:00',0,NULL),(24,'Annuel','108000','2023-09-05',9,13,'2023-04-05 00:00:00',0,NULL),(25,'Annuel','109000','2023-08-15',10,14,'2023-05-15 00:00:00',0,NULL),(26,'Annuel','110000','2023-02-14',11,15,'2022-08-14 00:00:00',0,NULL),(27,'Annuel','111000','2022-04-27',12,16,'2021-12-27 00:00:00',0,NULL),(28,'Annuel','112000','2021-07-30',13,17,'2021-01-30 00:00:00',0,NULL),(29,'Annuel','113000','2022-04-19',14,18,'2021-11-19 00:00:00',0,NULL),(30,'Annuel','114000','2021-11-26',15,19,'2021-09-26 00:00:00',0,NULL),(31,'Annuel','115000','2022-05-12',16,20,'2022-01-12 00:00:00',0,NULL),(32,'Annuel','116000','2024-04-12',17,21,'2023-12-12 00:00:00',0,NULL),(33,'Annuel','117000','2022-08-22',18,22,'2022-04-22 00:00:00',0,NULL),(34,'Annuel','118000','2022-04-17',19,23,'2022-02-17 00:00:00',0,NULL),(35,'Annuel','119000','2023-02-27',20,24,'2022-09-27 00:00:00',0,NULL),(36,'Annuel','120000','2023-02-07',21,25,'2022-11-07 00:00:00',0,NULL),(37,'Annuel','121000','2022-02-09',22,26,'2021-08-09 00:00:00',0,NULL),(38,'Annuel','122000','2022-05-28',23,27,'2021-11-28 00:00:00',0,NULL),(39,'Annuel','123000','2023-11-23',24,28,'2023-09-23 00:00:00',0,NULL),(40,'Annuel','124000','2022-02-01',25,29,'2021-08-01 00:00:00',0,NULL),(41,'Annuel','125000','2022-11-15',26,30,'2022-08-15 00:00:00',0,NULL),(42,'Annuel','126000','2024-01-27',27,31,'2023-11-27 00:00:00',0,NULL),(43,'Annuel','127000','2024-01-12',28,32,'2023-10-12 00:00:00',0,NULL),(44,'Annuel','128000','2023-03-26',29,33,'2022-09-26 00:00:00',0,NULL),(45,'Annuel','129000','2021-10-03',30,34,'2021-05-03 00:00:00',0,NULL),(46,'Annuel','130000','2024-09-13',31,35,'2024-05-13 00:00:00',0,NULL),(47,'Annuel','131000','2023-06-15',32,36,'2023-01-15 00:00:00',0,NULL),(48,'Annuel','132000','2021-05-10',33,37,'2021-02-10 00:00:00',0,NULL),(49,'Annuel','133000','2022-07-25',34,38,'2022-04-25 00:00:00',0,NULL),(50,'Annuel','134000','2024-04-19',35,39,'2023-10-19 00:00:00',0,NULL),(51,'Annuel','135000','2024-05-27',36,40,'2024-02-27 00:00:00',0,NULL),(52,'Annuel','136000','2021-11-03',37,41,'2021-07-03 00:00:00',0,NULL),(53,'Annuel','137000','2024-10-18',38,42,'2024-05-18 00:00:00',0,NULL),(54,'Annuel','138000','2022-10-10',39,43,'2022-08-10 00:00:00',0,NULL),(55,'Annuel','139000','2022-09-06',40,44,'2022-05-06 00:00:00',0,NULL),(56,'Annuel','140000','2023-03-23',41,45,'2022-11-23 00:00:00',0,NULL),(57,'Annuel','141000','2023-06-02',42,46,'2023-01-02 00:00:00',0,NULL),(58,'Annuel','142000','2022-05-22',43,47,'2021-11-22 00:00:00',0,NULL),(59,'Annuel','143000','2023-03-19',44,48,'2022-11-19 00:00:00',0,NULL),(60,'Annuel','144000','2024-06-20',45,49,'2024-04-20 00:00:00',0,NULL),(61,'Annuel','145000','2021-12-14',46,50,'2021-07-14 00:00:00',0,NULL),(62,'Annuel','146000','2024-06-03',47,51,'2024-02-03 00:00:00',0,NULL),(63,'Annuel','147000','2021-04-30',48,52,'2021-01-31 00:00:00',0,NULL),(64,'Annuel','148000','2022-12-21',49,53,'2022-06-21 00:00:00',0,NULL),(65,'Annuel','149000','2021-05-21',50,54,'2021-03-21 00:00:00',0,NULL),(66,'Annuel','150000','2021-04-13',1,55,'2021-02-13 00:00:00',1,'2024-06-21 11:00:02'),(67,'Annuel','151000','2024-08-22',2,56,'2024-05-22 00:00:00',0,NULL),(68,'Annuel','152000','2024-03-25',3,57,'2023-10-25 00:00:00',0,NULL),(69,'Annuel','153000','2021-09-19',4,58,'2021-06-19 00:00:00',0,NULL),(70,'Annuel','154000','2022-02-06',5,59,'2021-10-06 00:00:00',0,NULL),(71,'Annuel','155000','2023-12-05',6,60,'2023-06-05 00:00:00',0,NULL),(72,'Annuel','156000','2024-03-15',7,61,'2023-12-15 00:00:00',0,NULL),(73,'Annuel','157000','2021-12-08',8,62,'2021-08-08 00:00:00',0,NULL),(74,'Annuel','158000','2022-05-11',9,63,'2022-01-11 00:00:00',0,NULL),(75,'Annuel','159000','2024-09-05',10,64,'2024-05-05 00:00:00',0,NULL),(76,'Annuel','160000','2024-07-20',11,65,'2024-04-20 00:00:00',0,NULL),(77,'Annuel','161000','2024-06-12',12,66,'2024-01-12 00:00:00',0,NULL),(78,'Annuel','162000','2023-01-23',13,67,'2022-10-23 00:00:00',0,NULL),(79,'Annuel','163000','2024-10-24',14,68,'2024-05-24 00:00:00',0,NULL),(80,'Annuel','164000','2022-08-21',15,69,'2022-03-21 00:00:00',0,NULL),(81,'Annuel','165000','2024-01-18',16,70,'2023-10-18 00:00:00',0,NULL),(82,'Annuel','166000','2024-12-06',17,71,'2024-06-06 00:00:00',0,NULL),(83,'Annuel','167000','2023-02-18',18,72,'2022-11-18 00:00:00',0,NULL),(84,'Annuel','168000','2023-11-24',19,73,'2023-07-24 00:00:00',0,NULL),(86,'Annuel','100000','2021-10-10',1,5,'2021-04-10 00:00:00',1,'2024-06-21 11:00:02'),(87,'Annuel','101000','2021-09-28',2,6,'2021-07-28 00:00:00',0,NULL),(88,'Annuel','102000','2023-07-13',3,7,'2023-01-13 00:00:00',0,NULL),(89,'Annuel','103000','2022-12-27',4,8,'2022-07-27 00:00:00',0,NULL),(90,'Annuel','104000','2022-12-28',5,9,'2022-09-28 00:00:00',0,NULL),(91,'Annuel','105000','2021-10-22',6,10,'2021-07-22 00:00:00',0,NULL),(92,'Annuel','106000','2022-04-28',7,11,'2021-12-28 00:00:00',0,NULL),(93,'Annuel','107000','2024-09-16',8,12,'2024-04-16 00:00:00',0,NULL),(94,'Annuel','108000','2024-05-27',9,13,'2024-02-27 00:00:00',0,NULL),(95,'Annuel','109000','2023-12-20',10,14,'2023-06-20 00:00:00',0,NULL),(96,'Annuel','110000','2024-02-12',11,15,'2023-11-12 00:00:00',0,NULL),(97,'Annuel','111000','2021-04-11',12,16,'2021-01-11 00:00:00',0,NULL),(98,'Annuel','112000','2023-05-18',13,17,'2022-11-18 00:00:00',0,NULL),(99,'Annuel','113000','2023-08-08',14,18,'2023-06-08 00:00:00',0,NULL),(100,'Annuel','114000','2024-05-02',15,19,'2024-02-02 00:00:00',0,NULL),(101,'Annuel','115000','2022-06-01',16,20,'2022-04-01 00:00:00',0,NULL),(102,'Annuel','116000','2021-11-03',17,21,'2021-06-03 00:00:00',0,NULL),(103,'Annuel','117000','2023-02-19',18,22,'2022-10-19 00:00:00',0,NULL),(104,'Annuel','118000','2022-05-07',19,23,'2021-11-07 00:00:00',0,NULL),(105,'Annuel','119000','2023-08-20',20,24,'2023-04-20 00:00:00',0,NULL),(106,'Annuel','120000','2023-04-21',21,25,'2023-01-21 00:00:00',0,NULL),(107,'Annuel','121000','2024-11-21',22,26,'2024-05-21 00:00:00',0,NULL),(108,'Annuel','122000','2021-11-07',23,27,'2021-06-07 00:00:00',0,NULL),(109,'Annuel','123000','2023-09-01',24,28,'2023-05-01 00:00:00',0,NULL),(110,'Annuel','124000','2021-07-10',25,29,'2021-01-10 00:00:00',0,NULL),(111,'Annuel','125000','2021-05-09',26,30,'2021-01-09 00:00:00',0,NULL),(112,'Annuel','126000','2021-06-15',27,31,'2021-01-15 00:00:00',0,NULL),(113,'Annuel','127000','2021-05-17',28,32,'2021-02-17 00:00:00',0,NULL),(114,'Annuel','128000','2021-12-12',29,33,'2021-07-12 00:00:00',0,NULL),(115,'Annuel','129000','2023-06-02',30,34,'2023-04-02 00:00:00',0,NULL),(116,'Annuel','130000','2024-02-12',31,35,'2023-10-12 00:00:00',0,NULL),(117,'Annuel','131000','2021-06-07',32,36,'2021-04-07 00:00:00',0,NULL),(118,'Annuel','132000','2024-06-25',33,37,'2024-04-25 00:00:00',0,NULL),(119,'Annuel','133000','2023-07-03',34,38,'2023-01-03 00:00:00',0,NULL),(120,'Annuel','134000','2021-05-01',35,39,'2021-02-01 00:00:00',0,NULL),(121,'Annuel','135000','2022-08-18',36,40,'2022-04-18 00:00:00',0,NULL),(122,'Annuel','136000','2024-03-11',37,41,'2023-10-11 00:00:00',0,NULL),(123,'Annuel','137000','2024-08-11',38,42,'2024-02-11 00:00:00',0,NULL),(124,'Annuel','138000','2021-11-07',39,43,'2021-05-07 00:00:00',0,NULL),(125,'Annuel','139000','2024-01-22',40,44,'2023-09-22 00:00:00',0,NULL),(126,'Annuel','140000','2023-10-03',41,45,'2023-04-03 00:00:00',0,NULL),(127,'Annuel','141000','2024-04-01',42,46,'2024-02-01 00:00:00',0,NULL),(128,'Annuel','142000','2023-02-15',43,47,'2022-10-15 00:00:00',0,NULL),(129,'Annuel','143000','2024-04-15',44,48,'2024-02-15 00:00:00',0,NULL),(130,'Annuel','144000','2024-07-16',45,49,'2024-05-16 00:00:00',0,NULL),(131,'Annuel','145000','2022-02-08',46,50,'2021-08-08 00:00:00',0,NULL),(132,'Annuel','146000','2024-07-21',47,51,'2024-03-21 00:00:00',0,NULL),(133,'Annuel','147000','2022-01-11',48,52,'2021-07-11 00:00:00',0,NULL),(134,'Annuel','148000','2024-10-17',49,53,'2024-04-17 00:00:00',0,NULL),(135,'Annuel','149000','2022-08-15',50,54,'2022-02-15 00:00:00',0,NULL),(136,'Annuel','150000','2024-02-16',1,55,'2023-08-16 00:00:00',1,'2024-06-21 11:00:02'),(137,'Annuel','151000','2024-02-08',2,56,'2023-11-08 00:00:00',0,NULL),(138,'Annuel','152000','2024-03-15',3,57,'2023-12-15 00:00:00',0,NULL),(139,'Annuel','153000','2024-03-08',4,58,'2023-10-08 00:00:00',0,NULL),(140,'Annuel','154000','2023-01-13',5,59,'2022-07-13 00:00:00',0,NULL),(141,'Annuel','155000','2024-03-16',6,60,'2023-10-16 00:00:00',0,NULL),(142,'Annuel','156000','2023-09-23',7,61,'2023-06-23 00:00:00',0,NULL),(143,'Annuel','157000','2021-11-26',8,62,'2021-07-26 00:00:00',0,NULL),(144,'Annuel','158000','2023-07-14',9,63,'2023-04-14 00:00:00',0,NULL),(145,'Annuel','159000','2024-03-03',10,64,'2023-11-03 00:00:00',0,NULL),(146,'Annuel','160000','2021-09-16',11,65,'2021-06-16 00:00:00',0,NULL),(147,'Annuel','161000','2022-01-24',12,66,'2021-08-24 00:00:00',0,NULL),(148,'Annuel','162000','2023-03-10',13,67,'2022-11-10 00:00:00',0,NULL),(149,'Annuel','163000','2021-09-20',14,68,'2021-06-20 00:00:00',0,NULL),(150,'Annuel','164000','2021-06-18',15,69,'2021-03-18 00:00:00',0,NULL),(151,'Annuel','165000','2024-05-03',16,70,'2024-02-03 00:00:00',0,NULL),(152,'Annuel','166000','2022-07-19',17,71,'2022-01-19 00:00:00',0,NULL),(153,'Annuel','167000','2024-04-14',18,72,'2023-11-14 00:00:00',0,NULL),(154,'Annuel','168000','2022-05-14',19,73,'2021-11-14 00:00:00',0,NULL),(156,'seme','2333232','2024-06-20',5,21,'2024-06-13 22:39:12',0,NULL),(157,'fed','2147483646','2024-07-04',4,18,'2024-06-13 22:42:14',0,NULL),(158,'seme','10000','2024-06-29',3,22,'2024-06-21 03:38:20',0,NULL),(159,'seme','3333 GNF','2024-06-28',3,22,'2024-06-21 03:51:06',0,NULL),(160,'ss','3432 EUR','2024-06-25',13,1,'2024-06-21 03:52:46',0,NULL),(161,'seme','22121 GNF','2024-06-29',5,1,'2024-06-21 08:18:15',0,NULL),(162,'aem','222 GNF','2024-06-22',3,22,'2024-06-21 09:52:34',0,NULL);
/*!40000 ALTER TABLE `evaluations` ENABLE KEYS */;
UNLOCK TABLES;

--
-- Table structure for table `garanties`
--

DROP TABLE IF EXISTS `garanties`;
/*!40101 SET @saved_cs_client     = @@character_set_client */;
/*!50503 SET character_set_client = utf8mb4 */;
CREATE TABLE `garanties` (
  `id` int NOT NULL AUTO_INCREMENT,
  `libelle_garantie` varchar(45) NOT NULL,
  `description` tinytext CHARACTER SET ascii COLLATE ascii_general_ci NOT NULL,
  `montant` varchar(20) NOT NULL,
  `date_debut` date NOT NULL,
  `date_fin` date NOT NULL,
  `portee` varchar(45) CHARACTER SET ascii COLLATE ascii_general_ci NOT NULL,
  `numero` varchar(15) CHARACTER SET ascii COLLATE ascii_general_ci DEFAULT NULL,
  `date_evalution` varchar(45) DEFAULT NULL,
  `typologie_id` int DEFAULT NULL,
  `client_id` int DEFAULT NULL,
  `garant_id` int DEFAULT NULL,
  `del` tinyint(1) DEFAULT '0',
  `del_at` timestamp NULL DEFAULT NULL,
  `agence_id` int DEFAULT NULL,
  `status_id` int DEFAULT '1',
  `classement` varchar(45) DEFAULT NULL,
  `code_garantie` varchar(30) CHARACTER SET ascii COLLATE ascii_general_ci DEFAULT NULL,
  PRIMARY KEY (`id`),
  UNIQUE KEY `code_garanty_UNIQUE` (`code_garantie`) USING BTREE,
  UNIQUE KEY `unique_numero` (`numero`),
  KEY `typologie_fkey` (`typologie_id`),
  KEY `client_fkey` (`client_id`),
  KEY `garant_fkey` (`garant_id`),
  KEY `agence_id` (`agence_id`),
  KEY `status_id` (`status_id`),
  KEY `numero_UNIQUE` (`numero`) USING BTREE,
  CONSTRAINT `client_fkey` FOREIGN KEY (`client_id`) REFERENCES `clients` (`id`),
  CONSTRAINT `garant_fkey` FOREIGN KEY (`garant_id`) REFERENCES `garants` (`id`),
  CONSTRAINT `garanties_ibfk_1` FOREIGN KEY (`agence_id`) REFERENCES `agences` (`id`),
  CONSTRAINT `garanties_ibfk_2` FOREIGN KEY (`status_id`) REFERENCES `status` (`id`),
  CONSTRAINT `typologie_fkey` FOREIGN KEY (`typologie_id`) REFERENCES `typologies` (`id`)
) ENGINE=InnoDB AUTO_INCREMENT=225 DEFAULT CHARSET=ascii;
/*!40101 SET character_set_client = @saved_cs_client */;

--
-- Dumping data for table `garanties`
--

LOCK TABLES `garanties` WRITE;
/*!40000 ALTER TABLE `garanties` DISABLE KEYS */;
INSERT INTO `garanties` VALUES (1,'r','RAV4 2019','1500000333 GNF','2022-10-10','2025-10-10','NA','87999','10/10/2023',2,1,2,0,NULL,2,1,NULL,'2'),(3,'Garantie0','Test description','1000000 USD','2022-01-07','2022-05-06','NA','111','2023-06-14',5,116,6,0,NULL,1,2,NULL,'3'),(5,'Garantie0','Test description','1000000','2023-01-13','2023-03-01','NA','77737','2022-08-09',2,127,22,0,NULL,1,1,NULL,'5'),(6,'Garantie1','Test description','1010000','2022-03-15','2023-06-08','NA','56821','2023-01-23',2,52,50,0,NULL,2,1,NULL,'6'),(7,'Garantie2','Test description','1020000','2022-04-05','2024-01-27','NA','1263','2023-03-01',5,64,9,0,NULL,1,2,NULL,'7'),(8,'Garantie3','Test description','1030000','2024-06-16','2025-02-07','NA','37640','2022-08-08',4,194,6,0,NULL,2,1,NULL,'8'),(9,'Garantie4','Test description','1040000','2023-11-24','2023-12-24','NA','62516','2023-02-28',5,54,47,0,NULL,1,2,NULL,'9'),(10,'Garantie5','Test description','1050000','2023-03-23','2025-02-09','NA','2810','2023-02-04',1,26,15,0,NULL,2,2,NULL,'10'),(11,'Garantie6','Test description','1060000','2023-09-06','2023-11-20','NA','24140','2022-05-18',4,192,17,0,NULL,1,2,NULL,'11'),(12,'Garantie7','Test description','1070000','2024-05-19','2025-05-13','NA','32007','2023-01-18',5,13,2,0,NULL,2,1,NULL,'12'),(13,'Garantie8','Test description','1080000','2023-09-11','2024-12-03','NA','72822','2022-10-19',2,39,50,0,NULL,1,1,NULL,'13'),(14,'Garantie9','Test description','1090000','2023-10-10','2025-01-19','NA','75535','2022-12-25',3,95,9,0,NULL,2,1,NULL,'14'),(15,'Garantie10','Test description','1100000','2023-09-29','2024-03-21','NA','78356','2023-11-14',3,37,32,0,NULL,1,2,NULL,'15'),(16,'Garantie11','Test description','1110000','2022-03-17','2023-07-28','NA','86153','2024-02-14',3,87,29,0,NULL,2,2,NULL,'16'),(17,'Garantie12','Test description','1120000','2022-04-12','2024-02-04','NA','1','2022-12-24',4,198,37,0,NULL,1,1,NULL,'17'),(18,'Garantie13','Test description','1130000','2022-12-12','2024-07-24','NA','61664','2022-04-22',3,113,22,0,NULL,2,2,NULL,'18'),(19,'Garantie14','Test description','1140000','2022-07-11','2023-09-14','NA','9495','2024-03-03',4,18,40,0,NULL,1,1,NULL,'19'),(20,'Garantie15','Test description','1150000','2022-04-22','2023-06-04','NA','19856','2023-05-09',3,16,38,0,NULL,2,1,NULL,'20'),(21,'Garantie16','Test description','1160000','2022-10-10','2022-11-30','NA','18723','2024-05-05',4,27,41,0,NULL,1,1,NULL,'21'),(22,'Garantie17','Test description','1170000','2023-09-08','2024-11-22','NA','69031','2022-05-11',1,85,34,0,NULL,2,2,NULL,'22'),(23,'Garantie18','Test description','1180000','2023-03-23','2023-08-23','NA','32434','2022-09-21',1,77,3,0,NULL,1,1,NULL,'23'),(24,'Garantie19','Test description','1190000','2022-05-15','2023-08-15','NA','42775','2023-07-14',4,137,28,0,NULL,2,1,NULL,'24'),(25,'Garantie20','Test description','1200000','2023-09-24','2024-11-01','NA','41446','2023-11-18',1,87,44,0,NULL,1,1,NULL,'25'),(26,'Garantie21','Test description','1210000','2023-10-14','2024-09-08','NA','79816','2022-06-30',3,68,5,0,NULL,2,1,NULL,'26'),(27,'Garantie22','Test description','1220000','2022-02-23','2023-12-30','NA','21974','2023-05-26',5,22,42,0,NULL,1,1,NULL,'27'),(28,'Garantie23','Test description','1230000','2023-07-03','2024-10-06','NA','11649','2024-02-25',2,196,14,0,NULL,2,1,NULL,'28'),(29,'Garantie24','Test description','1240000','2022-04-28','2023-05-31','NA','11558','2022-04-27',4,53,46,0,NULL,1,1,NULL,'29'),(30,'Garantie25','Test description','1250000','2022-06-18','2023-09-13','NA','29740','2024-04-06',2,120,12,0,NULL,2,1,NULL,'30'),(31,'Garantie26','Test description','1260000','2022-07-12','2024-06-11','NA','85597','2024-06-18',1,29,36,0,NULL,1,1,NULL,'31'),(32,'Garantie27','Test description','1270000','2023-06-06','2024-06-07','NA','51664','2023-03-12',1,140,2,0,NULL,2,2,NULL,'32'),(33,'Garantie28','Test description','1280000','2022-04-24','2023-06-01','NA','16078','2022-11-19',2,51,11,0,NULL,1,2,NULL,'33'),(34,'Garantie29','Test description','1290000','2023-06-10','2023-12-09','NA','26572','2024-02-02',1,71,11,0,NULL,2,1,NULL,'34'),(35,'Garantie30','Test description','1300000','2023-04-10','2024-04-24','NA','76455','2023-12-29',4,99,2,0,NULL,1,1,NULL,'35'),(36,'Garantie31','Test description','1310000','2023-02-04','2023-05-07','NA','8810','2022-07-28',3,173,32,0,NULL,2,2,NULL,'36'),(37,'Garantie32','Test description','1320000','2023-09-30','2025-10-28','NA','78589','2022-11-27',2,44,50,0,NULL,1,1,NULL,'37'),(38,'Garantie33','Test description','1330000','2022-10-13','2024-07-11','NA','18734','2023-05-06',1,20,44,0,NULL,2,2,NULL,'38'),(39,'Garantie34','Test description','1340000','2023-02-17','2023-09-28','NA','85650','2024-05-16',4,193,46,0,NULL,1,1,NULL,'39'),(40,'Garantie35','Test description','1350000','2023-08-15','2024-03-15','NA','25669','2023-08-28',5,101,25,0,NULL,2,1,NULL,'40'),(41,'Garantie36','Test description','1360000','2022-11-21','2024-10-05','NA','36110','2022-10-12',3,76,47,0,NULL,1,1,NULL,'41'),(42,'Garantie37','Test description','1370000','2024-01-28','2025-05-30','NA','55362','2022-06-22',3,23,50,0,NULL,2,2,NULL,'42'),(43,'Garantie38','Test description','1380000','2022-01-30','2022-11-23','NA','66122','2023-06-01',1,134,31,0,NULL,1,2,NULL,'43'),(44,'Garantie39','Test description','1390000','2022-11-19','2024-04-30','NA','30653','2023-08-13',4,51,15,0,NULL,2,1,NULL,'44'),(45,'Garantie40','Test description','1400000','2023-06-28','2025-06-10','NA','78371','2023-05-06',2,23,46,0,NULL,1,2,NULL,'45'),(46,'Garantie41','Test description','1410000','2023-05-08','2025-05-03','NA','11868','2023-12-17',5,117,26,0,NULL,2,1,NULL,'46'),(47,'Garantie42','Test description','1420000','2023-08-25','2025-05-08','NA','4678','2024-01-13',5,194,19,0,NULL,1,1,NULL,'47'),(48,'Garantie43','Test description','1430000','2023-06-10','2023-09-23','NA','69075','2023-04-20',2,67,4,0,NULL,2,1,NULL,'48'),(49,'Garantie44','Test description','1440000','2023-08-30','2024-03-17','NA','12933','2022-01-17',2,133,13,0,NULL,1,2,NULL,'49'),(50,'Garantie45','Test description','1450000','2023-04-29','2025-03-30','NA','88875','2022-06-09',4,185,5,0,NULL,2,2,NULL,'50'),(51,'Garantie46','Test description','1460000','2022-03-11','2023-01-12','NA','60434','2022-07-14',1,13,34,0,NULL,1,1,NULL,'51'),(52,'Garantie47','Test description','1470000','2024-04-07','2024-05-27','NA','34091','2024-01-01',1,185,9,0,NULL,2,1,NULL,'52'),(53,'Garantie48','Test description','1480000','2024-04-23','2025-03-22','NA','23957','2022-03-18',3,126,44,0,NULL,1,1,NULL,'53'),(54,'Garantie49','Test description','1490000','2024-01-12','2025-06-02','NA','71856','2022-01-27',1,151,34,0,NULL,2,1,NULL,'54'),(55,'Garantie50','Test description','1500000','2023-08-10','2025-05-16','NA','23252','2023-11-19',3,10,47,0,NULL,1,1,NULL,'55'),(56,'Garantie51','Test description','1510000','2024-02-21','2025-09-13','NA','8592','2022-08-20',1,200,11,0,NULL,2,2,NULL,'56'),(57,'Garantie52','Test description','1520000','2023-12-31','2025-08-20','NA','41156','2024-05-06',2,78,5,0,NULL,1,2,NULL,'57'),(58,'Garantie53','Test description','1530000','2022-04-22','2023-12-15','NA','49684','2023-01-01',1,75,33,0,NULL,2,2,NULL,'58'),(59,'Garantie54','Test description','1540000','2023-09-21','2024-01-02','NA','36747','2023-10-29',2,96,9,0,NULL,1,1,NULL,'59'),(60,'Garantie55','Test description','1550000','2023-02-23','2023-07-13','NA','32493','2022-11-12',3,135,16,0,NULL,2,1,NULL,'60'),(61,'Garantie56','Test description','1560000','2023-05-24','2024-02-29','NA','2188','2022-03-22',5,76,31,0,NULL,1,2,NULL,'61'),(62,'Garantie57','Test description','1570000','2024-02-21','2025-04-03','NA','87914','2022-10-28',2,148,35,0,NULL,2,2,NULL,'62'),(63,'Garantie58','Test description','1580000','2022-07-25','2023-05-05','NA','5610','2022-08-26',5,27,44,0,NULL,1,1,NULL,'63'),(64,'Garantie59','Test description','1590000','2022-06-07','2022-07-09','NA','44454','2023-02-16',5,162,33,0,NULL,2,2,NULL,'64'),(65,'Garantie60','Test description','1600000','2022-11-05','2023-03-09','NA','55644','2023-09-25',5,132,10,0,NULL,1,2,NULL,'65'),(66,'Garantie61','Test description','1610000','2022-05-27','2024-06-13','NA','39137','2022-07-18',2,161,17,0,NULL,2,2,NULL,'66'),(67,'Garantie62','Test description','1620000','2023-02-18','2024-01-12','NA','60052','2022-04-09',2,110,21,0,NULL,1,2,NULL,'67'),(68,'Garantie63','Test description','1630000','2023-09-02','2024-04-02','NA','20633','2022-12-18',5,53,8,0,NULL,2,1,NULL,'68'),(69,'Garantie64','Test description','1640000','2022-11-20','2024-10-14','NA','42398','2023-07-17',2,143,35,0,NULL,1,1,NULL,'69'),(70,'Garantie65','Test description','1650000','2023-06-09','2025-05-05','NA','73507','2022-11-06',5,55,17,0,NULL,2,2,NULL,'70'),(71,'Garantie66','Test description','1660000','2022-03-28','2022-05-23','NA','80223','2022-11-11',2,15,16,0,NULL,1,1,NULL,'71'),(72,'Garantie67','Test description','1670000','2023-09-24','2024-11-15','NA','49950','2022-06-11',3,47,32,0,NULL,2,2,NULL,'72'),(73,'Garantie68','Test description','1680000','2022-12-21','2024-03-30','NA','72163','2022-07-16',5,138,39,0,NULL,1,2,NULL,'73'),(75,'Garantie0','Test description','1000000','2023-01-24','2024-11-23','NA','7591','2023-12-16',5,144,11,0,NULL,1,1,NULL,'75'),(76,'Garantie1','Test description','1010000','2023-12-06','2024-07-22','NA','1538','2022-08-28',1,56,30,0,NULL,2,2,NULL,'76'),(77,'Garantie2','Test description','1020000','2023-11-10','2024-11-10','NA','3761','2024-01-15',5,3,29,0,NULL,1,2,NULL,'77'),(79,'Garantie0','Test description','1000000','2023-12-15','2025-05-15','NA','86351','2023-12-16',1,19,5,0,NULL,1,1,NULL,'79'),(80,'Garantie1','Test description','1010000','2023-02-24','2025-01-08','NA','7860','2023-11-03',1,94,5,0,NULL,2,2,NULL,'80'),(81,'Garantie2','Test description','1020000','2022-02-13','2022-04-16','NA','7091','2022-08-23',3,14,28,0,NULL,1,2,NULL,'81'),(82,'Garantie3','Test description','1030000','2022-01-10','2023-01-16','NA','27290','2022-04-14',5,133,49,0,NULL,2,1,NULL,'82'),(83,'Garantie4','Test description','1040000','2023-01-11','2024-01-30','NA','16066','2023-01-27',3,129,46,0,NULL,1,2,NULL,'83'),(84,'Garantie5','Test description','1050000','2022-07-16','2023-04-18','NA','2988','2022-05-18',2,133,44,0,NULL,2,1,NULL,'84'),(85,'Garantie6','Test description','1060000','2022-02-04','2022-08-10','NA','86484','2022-05-23',4,182,4,0,NULL,1,2,NULL,'85'),(86,'Garantie7','Test description','1070000','2024-04-07','2025-10-12','NA','74651','2024-06-14',4,98,23,0,NULL,2,1,NULL,'86'),(87,'Garantie8','Test description','1080000','2023-04-16','2023-12-20','NA','83453','2023-10-27',5,182,17,0,NULL,1,2,NULL,'87'),(88,'Garantie9','Test description','1090000','2023-05-17','2023-08-02','NA','59050','2022-03-17',4,90,50,0,NULL,2,2,NULL,'88'),(90,'Garantie0','Test description','1000000','2022-03-11','2022-11-18','NA','26435','2023-05-13',1,177,38,0,NULL,1,2,NULL,'90'),(91,'Garantie1','Test description','1010000','2022-12-31','2024-04-25','NA','78792','2023-04-17',5,199,20,0,NULL,2,2,NULL,'91'),(92,'Garantie2','Test description','1020000','2023-10-20','2025-04-18','NA','31132','2023-07-01',5,1,10,0,NULL,1,2,NULL,'92'),(93,'Garantie3','Test description','1030000','2024-06-14','2025-01-13','NA','24143','2023-06-14',2,28,47,0,NULL,2,2,NULL,'93'),(94,'Garantie4','Test description','1040000','2022-12-27','2023-08-20','NA','19561','2022-08-01',1,106,47,0,NULL,1,1,NULL,'94'),(95,'Garantie5','Test description','1050000','2023-07-30','2025-07-06','NA','65210','2024-01-25',4,4,29,1,'2024-06-21 10:59:12',2,1,NULL,'95'),(96,'Garantie6','Test description','1060000','2022-08-17','2024-06-28','NA','63414','2024-01-30',4,21,50,0,NULL,1,1,NULL,'96'),(97,'Garantie7','Test description','1070000','2022-09-15','2023-09-24','NA','45170','2022-03-25',4,192,26,0,NULL,2,2,NULL,'97'),(98,'Garantie8','Test description','1080000','2023-11-26','2025-10-03','NA','10534','2024-04-12',2,56,31,0,NULL,1,1,NULL,'98'),(99,'Garantie9','Test description','1090000','2022-06-22','2023-04-04','NA','16317','2024-02-07',1,145,3,0,NULL,2,1,NULL,'99'),(100,'Garantie10','Test description','1100000','2022-07-04','2024-03-23','NA','43324','2024-05-03',2,60,33,0,NULL,1,2,NULL,'100'),(101,'Garantie11','Test description','1110000','2023-12-28','2026-01-12','NA','43780','2023-03-15',2,196,22,0,NULL,2,2,NULL,'101'),(102,'Garantie12','Test description','1120000','2024-01-06','2024-12-06','NA','57755','2024-05-07',1,168,17,0,NULL,1,1,NULL,'102'),(103,'Garantie13','Test description','1130000','2023-08-10','2025-06-10','NA','38751','2023-04-15',1,64,2,0,NULL,2,2,NULL,'103'),(104,'Garantie14','Test description','1140000','2023-09-23','2023-11-23','NA','10638','2023-02-18',5,189,17,0,NULL,1,1,NULL,'104'),(105,'Garantie15','Test description','1150000','2022-08-10','2024-01-18','NA','59363','2022-08-21',1,63,40,0,NULL,2,1,NULL,'105'),(106,'Garantie16','Test description','1160000','2023-12-03','2025-08-07','NA','59007','2024-03-04',3,89,29,0,NULL,1,2,NULL,'106'),(107,'Garantie17','Test description','1170000','2023-10-12','2024-03-11','NA','60025','2024-01-22',2,36,19,0,NULL,2,2,NULL,'107'),(108,'Garantie18','Test description','1180000','2023-05-16','2024-12-31','NA','18710','2023-10-05',1,190,30,0,NULL,1,1,NULL,'108'),(109,'Garantie19','Test description','1190000','2024-05-06','2025-01-15','NA','61798','2023-04-03',5,97,45,0,NULL,2,1,NULL,'109'),(110,'Garantie20','Test description','1200000','2022-10-22','2024-03-02','NA','19649','2022-06-03',5,40,25,0,NULL,1,2,NULL,'110'),(111,'Garantie21','Test description','1210000','2023-07-14','2024-12-13','NA','43218','2022-12-20',4,106,23,0,NULL,2,2,NULL,'111'),(112,'Garantie22','Test description','1220000','2024-05-28','2026-04-07','NA','46632','2024-04-10',3,12,26,0,NULL,1,1,NULL,'112'),(113,'Garantie23','Test description','1230000','2023-04-18','2024-02-19','NA','29041','2023-03-04',4,82,31,0,NULL,2,1,NULL,'113'),(114,'Garantie24','Test description','1240000','2022-05-21','2023-04-10','NA','49481','2023-04-30',5,9,30,0,NULL,1,1,NULL,'114'),(115,'Garantie25','Test description','1250000','2023-04-05','2025-04-12','NA','28728','2023-09-10',1,95,15,0,NULL,2,1,NULL,'115'),(116,'Garantie26','Test description','1260000','2023-02-23','2023-06-16','NA','15522','2023-04-15',1,18,44,0,NULL,1,2,NULL,'116'),(117,'Garantie27','Test description','1270000','2024-06-11','2025-09-09','NA','84780','2024-05-13',5,195,50,0,NULL,2,1,NULL,'117'),(118,'Garantie28','Test description','1280000','2022-01-04','2022-03-11','NA','21351','2022-02-03',5,96,14,0,NULL,1,1,NULL,'118'),(119,'Garantie29','Test description','1290000','2023-10-17','2025-09-18','NA','38248','2022-11-21',1,106,28,0,NULL,2,2,NULL,'119'),(120,'Garantie30','Test description','1300000','2022-07-20','2023-10-21','NA','24022','2023-06-01',5,15,32,0,NULL,1,2,NULL,'120'),(121,'Garantie31','Test description','1310000','2023-12-22','2024-06-08','NA','49564','2022-06-13',5,51,37,0,NULL,2,2,NULL,'121'),(122,'Garantie32','Test description','1320000','2022-05-26','2022-11-22','NA','48984','2022-04-03',5,177,6,0,NULL,1,2,NULL,'122'),(123,'Garantie33','Test description','1330000','2022-03-19','2023-11-14','NA','61512','2022-02-16',5,43,45,0,NULL,2,2,NULL,'123'),(124,'Garantie34','Test description','1340000','2023-04-18','2023-07-31','NA','84066','2022-11-24',5,4,50,1,'2024-06-21 10:59:12',1,2,NULL,'124'),(125,'Garantie35','Test description','1350000','2023-09-10','2025-01-07','NA','5417','2023-01-22',5,194,27,0,NULL,2,1,NULL,'125'),(126,'Garantie36','Test description','1360000','2022-12-19','2024-02-24','NA','52252','2022-08-13',3,102,40,1,'2024-06-20 14:36:09',1,2,NULL,'126'),(127,'Garantie37','Test description','1370000','2023-11-08','2024-11-28','NA','16468','2023-02-11',5,142,10,0,NULL,2,1,NULL,'127'),(128,'Garantie38','Test description','1380000','2023-02-28','2025-02-11','NA','24807','2023-05-24',3,200,15,0,NULL,1,2,NULL,'128'),(129,'Garantie39','Test description','1390000','2023-04-05','2023-07-28','NA','4493','2024-03-21',2,71,4,0,NULL,2,2,NULL,'129'),(130,'Garantie40','Test description','1400000','2022-05-12','2024-04-15','NA','16339','2022-05-03',5,27,14,0,NULL,1,1,NULL,'130'),(131,'Garantie41','Test description','1410000','2024-02-07','2025-02-16','NA','72767','2023-07-14',4,137,28,0,NULL,2,1,NULL,'131'),(132,'Garantie42','Test description','1420000','2023-11-27','2025-08-14','NA','69233','2022-12-21',4,133,7,0,NULL,1,1,NULL,'132'),(133,'Garantie43','Test description','1430000','2024-04-16','2025-09-06','NA','43766','2023-02-25',2,175,49,0,NULL,2,1,NULL,'133'),(134,'Garantie44','Test description','1440000','2022-09-23','2024-04-19','NA','76188','2024-06-13',3,86,8,0,NULL,1,1,NULL,'134'),(135,'Garantie45','Test description','1450000','2022-03-24','2024-02-19','NA','26971','2023-11-10',5,175,5,0,NULL,2,2,NULL,'135'),(136,'Garantie46','Test description','1460000','2022-01-05','2022-12-31','NA','22346','2024-03-05',3,135,36,0,NULL,1,1,NULL,'136'),(137,'Garantie47','Test description','1470000','2023-03-25','2025-02-21','NA','8264','2023-09-29',1,53,10,0,NULL,2,2,NULL,'137'),(138,'Garantie48','Test description','1480000','2022-08-09','2024-02-26','NA','84678','2023-03-26',2,135,44,0,NULL,1,2,NULL,'138'),(140,'ssss','voila','22','2024-06-11','2024-06-28','111','11113','2024-06-11',2,2,68,0,NULL,NULL,1,NULL,'140'),(141,'qq','w','22','2024-06-11','2024-06-13','11112','43212','2024-06-11',2,5,14,0,NULL,NULL,1,NULL,'141'),(142,'www','dd','3323','2024-06-11','2024-06-20','34','2323','2024-06-11',5,11,18,0,NULL,1,1,NULL,'142'),(143,'whatwhats','Garantee pour test','1700000','2024-06-12','2025-11-21','12312','91010','2024-06-12',3,9,9,0,NULL,1,1,NULL,'143'),(144,'www','34','4543454','2024-06-03','2024-06-21','4343','545','343',2,4,18,1,'2024-06-21 10:59:12',NULL,1,NULL,'144'),(145,'www','34','4543454','2024-06-03','2024-06-21','4343','54566','343',2,17,18,0,NULL,1,1,NULL,'145'),(146,'wewe','ddd','453434','2024-06-10','2024-06-03','5676','2345','',2,202,14,0,NULL,NULL,1,NULL,'146'),(147,'ssss','343','1','2024-06-02','2024-06-14','3432343','4343','',4,202,17,0,NULL,NULL,1,NULL,'147'),(148,'ssss','343','1','2024-06-02','2024-06-14','3432343','4545','',4,202,17,0,NULL,1,1,NULL,'148'),(149,'wqww','3ered','3232','2024-06-02','2024-06-13','333','343','',NULL,9,18,0,NULL,2,1,NULL,'149'),(150,'sdsd','dws','50000000','2024-06-13','2024-06-29','232','4433','',NULL,4,15,1,'2024-06-21 10:59:12',1,1,NULL,'150'),(151,'www','3we','322','2024-06-12','2024-06-05','3e','32','2024-06-11',5,3,17,0,NULL,2,1,NULL,'151'),(152,'www','33','43234','2024-06-02','2024-06-28','3432343','3334','2024-06-11',2,208,NULL,0,NULL,2,1,NULL,'152'),(153,'www2','33','43234','2024-06-02','2024-06-28','3432343','7654','2024-06-11',2,208,NULL,0,NULL,2,1,NULL,'153'),(154,'test334w','ewdee','22232','2024-06-03','2024-06-21','cd','87578','343',5,1,NULL,0,NULL,2,1,NULL,'154'),(155,'test334w','ewdee','22232','2024-06-03','2024-06-21','cd','8753','343',5,208,NULL,0,NULL,2,1,NULL,'155'),(156,'HA1','efvdd','3999','2024-06-03','2024-06-21','cd','547','343',5,219,NULL,0,NULL,2,1,NULL,'156'),(157,'whaty','sdd','788','2024-06-03','2024-06-29','wsds','8888','2024-06-11',3,208,NULL,0,NULL,2,1,NULL,'157'),(158,'whaty','sdd','788','2024-06-03','2024-06-29','wsds','231','2024-06-11',3,208,NULL,0,NULL,2,1,NULL,'158'),(159,'whaty','sdd','788','2024-06-03','2024-06-29','wsds','2311','2024-06-11',3,NULL,NULL,0,NULL,1,1,NULL,'159'),(160,'whaty3','sdd','788','2024-06-03','2024-06-29','wsds','00222','2024-06-11',3,221,NULL,0,NULL,1,1,NULL,'160'),(161,'FORM','dwqwdqxsd','499999','2024-06-09','2024-06-22','dee','2312','2024-06-11',3,222,NULL,0,NULL,1,1,NULL,'161'),(162,'FORM','dwqwdqxsd','499998','2024-06-09','2024-06-22','dee','223','2024-06-11',3,NULL,NULL,0,NULL,NULL,1,NULL,'162'),(163,'BLAh','212','22','2024-06-02','2024-06-22','2','11112','2024-06-11',2,224,NULL,0,NULL,NULL,1,NULL,'163'),(164,'BLAhh','212','22','2024-06-02','2024-06-22','2','11119','2024-06-11',2,225,NULL,0,NULL,NULL,1,NULL,'164'),(165,'whatyuui','ew','232','2024-06-03','2024-06-28','wsds','33300','2024-06-11',2,208,NULL,0,NULL,2,1,NULL,'165'),(166,'www32','232','221','2024-06-02','2024-06-14','cd','77789','2024-06-11',2,226,NULL,0,NULL,1,1,NULL,'166'),(167,'www','32','23','2024-06-17','2024-06-29','w2w','323','2024-06-11',5,208,NULL,0,NULL,2,1,NULL,'167'),(168,'wwweq2qwe','e313','212','2024-05-27','2024-06-21','ewqe','8563','2024-06-11',1,208,NULL,0,NULL,NULL,1,NULL,'168'),(169,'www','utyfgh','667','2024-06-03','2024-05-28','3432343','8688','2024-06-11',2,227,NULL,0,NULL,NULL,1,NULL,'169'),(170,'maaan','e313','212','2024-05-27','2024-06-21','ewqe','44441','2024-06-11',1,228,NULL,0,NULL,NULL,1,NULL,'170'),(171,'w','3e3de','232','2024-05-27','2024-06-27','edwe','232','yes',3,228,NULL,0,NULL,NULL,1,NULL,'171'),(172,'gagfo','23e2w','122','2024-06-10','2024-06-21','asds','456','',5,228,NULL,0,NULL,NULL,1,NULL,'172'),(173,'vtyctycth','3232','2342','2024-06-17','2024-06-21','cd','702211','3332',4,208,NULL,0,NULL,NULL,1,NULL,'173'),(176,'wedqwfswdedq','21232','3323','2024-06-17','2024-06-21','wsds','23212','2024-06-11',2,208,NULL,0,NULL,NULL,1,NULL,'176'),(177,'3ewe','dws','22123','2024-06-03','2024-06-22','cd','759663','2024-06-12',2,230,NULL,0,NULL,NULL,1,NULL,'177'),(178,'3ewe','dws','22123','2024-06-03','2024-06-22','cd','791679','2024-06-12',2,231,NULL,0,NULL,NULL,1,NULL,'178'),(179,'3ewe','dws','22123','2024-06-03','2024-06-22','cd','779409','2024-06-12',2,232,NULL,0,NULL,NULL,1,NULL,'179'),(180,'www','xdswsx','23222223','2024-06-09','2024-06-21','dssx','622007','yes',NULL,208,NULL,0,NULL,NULL,1,NULL,'180'),(181,'ssss','2q1q1','2221','2024-06-16','2024-06-22','21q2','770808','2024-06-12',NULL,208,NULL,0,NULL,NULL,1,NULL,'181'),(182,'ssss','23e3we32','3232','2003-03-23','2003-02-23','3232','189017','222',2,208,NULL,0,NULL,NULL,1,NULL,'182'),(183,'whaty','ewwsdsw','2323','2024-06-02','2024-06-21','3wsde','429664','2024-06-11',3,208,NULL,0,NULL,NULL,1,NULL,'183'),(184,'32we32','kkk','2312','2024-06-10','2024-06-22','awsds','681268','',3,208,NULL,0,NULL,NULL,1,NULL,'184'),(185,'swqwsd','2ww22','212','2024-06-02','2024-06-22','cd','318348','2024-06-12',5,208,NULL,0,NULL,NULL,1,NULL,'185'),(186,'wwswq1','wew32w2qqqqqqqqqqqqqqqqqqqqqqqqqqqqqqqqqqqqqqqqqqqqqqqqqqqqqqqqqqqqqqqqqqqqqqqqqqqqqqqqqqqqqqqqqqqqqqqqqqqqqsssssssssssssssssssssssssssssssssssssssssssssssssssssssssssssssssssssssssssssssssssssssssssssssssssssssssssssssssssssssssssssssssssssssssssssssssss','221','2024-06-09','2024-06-22','3432343','212','2024-06-12',5,233,NULL,0,NULL,NULL,1,NULL,'186'),(187,'TESTTEST','we32e','21111','2024-05-27','2024-06-22','cd','2121','2024-06-12',NULL,208,NULL,0,NULL,NULL,1,NULL,'187'),(188,'wac','3edew','2233','2024-06-03','2024-06-21','wqxsd swq','445936','222',2,234,NULL,0,NULL,NULL,1,NULL,'188'),(189,'wac21','3edew','2233','2024-06-03','2024-06-21','wqxsd swq','374636','222',2,235,NULL,0,NULL,NULL,1,NULL,'189'),(190,'zesow','323','323','2024-05-26','2024-06-21','3432343','534371','222',3,208,105,0,NULL,NULL,1,NULL,'190'),(191,'zeLAA','323','323','2024-05-26','2024-06-21','3432343','647949','222',3,208,106,0,NULL,NULL,1,NULL,'191'),(192,'awae','23','2222','2024-06-02','2024-06-15','234','736633','323',2,208,107,0,NULL,NULL,1,NULL,'192'),(193,'awae','23','2222','2024-06-02','2024-06-15','234','839314','323',2,236,108,0,NULL,NULL,1,NULL,'193'),(194,'noGAR','232','233','2024-06-12','2024-06-22','wsds','187670','2',3,238,NULL,0,NULL,NULL,1,NULL,'194'),(195,'yesGAR','232','233','2024-06-12','2024-06-22','wsds','217409','2',3,237,105,0,NULL,NULL,1,NULL,'195'),(196,'awaess','23','2222','2024-06-02','2024-06-15','234','523037','323',2,239,109,0,NULL,NULL,1,NULL,'196'),(197,'awaess','23','2222','2024-06-02','2024-06-15','234','163955','323',2,241,NULL,0,NULL,NULL,1,NULL,'197'),(198,'awaessh','23','2222','2024-06-02','2024-06-15','234','148668','323',2,240,NULL,0,NULL,NULL,1,NULL,'198'),(199,'awaessh','23','2222','2024-06-02','2024-06-15','234','250475','323',2,240,110,0,NULL,NULL,1,NULL,'199'),(200,'awaesshss','23','2222','2024-06-02','2024-06-22','234','805370','323',2,240,111,0,NULL,NULL,1,NULL,'200'),(201,'sasw','sd','2222','2024-06-03','2024-06-22','sxa','577423','2024-06-12',5,242,112,0,NULL,NULL,1,NULL,'201'),(202,'ewwe','232','2222','2024-06-03','2024-06-22','232','470007','',5,243,NULL,0,NULL,NULL,1,NULL,'202'),(203,'www3w','edweqwe','22','2024-06-09','2024-06-21','sdmsd el','616764','2024-06-12',5,241,105,0,NULL,NULL,1,NULL,'203'),(204,'www3ww','edweqwe','22','2024-06-09','2024-06-21','sdmsd el','773801','2024-06-12',5,241,105,0,NULL,NULL,1,NULL,'204'),(205,'www3www','edweqwe','2222','2024-06-09','2024-06-21','sdmsd el','219710','2024-06-12',5,241,105,0,NULL,NULL,1,NULL,'205'),(206,'www3www','edweqwe','2222','2024-06-09','2024-06-21','sdmsd el','574150','2024-06-12',5,241,105,0,NULL,NULL,1,NULL,'206'),(207,'www3www','edweqwe','2222','2024-06-09','2024-06-21','sdmsd el','412616','2024-06-12',5,241,105,0,NULL,NULL,1,NULL,'207'),(208,'www3www','edweqwe','2222','2024-06-09','2024-06-21','sdmsd el','339634','2024-06-12',5,241,105,0,NULL,NULL,1,'LAARAFNEEEEEEEEEEEEEEEESTTTTTTTTTTTTTTTTTTTTT','208'),(209,'www3www','edweqwe','2222','2024-06-09','2024-06-21','sdmsd el','459321','2024-06-12',5,241,105,0,NULL,NULL,1,'LAARAFNEEEEEEEEEEEEEEEESTTTTTTTTTTTTTTTTTTTTT','209'),(210,'weqw','desqd','1000000000 USD','2024-06-17','2024-06-22','ewrwew','900000','eee',5,208,105,0,NULL,NULL,1,'ewsfewe','210'),(211,'zap','3333','30000 USD','2024-05-26','2024-06-22','ddd','377702','3',2,208,113,0,NULL,NULL,1,'32','211'),(213,'www','32','1000000 USD','2024-06-09','2024-06-22','23e232','509548','2024-06-11',2,244,115,1,'2024-06-20 16:25:01',NULL,1,'323','213'),(214,'ewe','dqwec','122222 USD','2024-06-03','2024-06-29','ewededw','514634','2024-06-11',5,233,116,0,NULL,NULL,1,'wdw','214'),(215,'ewe','dqwec','122222 USD','2024-06-03','2024-06-29','ewededw','144523','2024-06-11',5,233,117,0,NULL,NULL,1,'wdw','215'),(216,'ewe','dqwec','122222 USD','2024-06-03','2024-06-29','ewededw','76718','2024-06-11',5,233,117,0,NULL,NULL,1,'wdw','216'),(217,'ewe','dqwec','122222 USD','2024-06-03','2024-06-29','ewededw','76719','2024-06-11',5,233,117,0,NULL,NULL,1,'wdw','217'),(218,'ewe','dqwec','122222 USD','2024-06-03','2024-08-28','ewededw','76720','2024-06-11',5,233,117,0,NULL,NULL,1,'wdw','218'),(219,'dd','2222','222 GNF','2024-06-03','2024-06-28','ddd','382840','2024-06-12',5,208,105,0,NULL,NULL,1,'222',NULL),(220,'dd','2222','222 GNF','2024-06-03','2024-06-28','ddd','252330','2024-06-12',5,208,105,0,NULL,NULL,1,'222',NULL),(221,'TWEST','ascswqdcw','22222 GNF','2024-06-10','2024-06-28','JNOO','23412','2024-06-12',2,208,118,0,NULL,NULL,1,'232',NULL),(222,'TWEST1','ascswqdcw','22222 GNF','2024-06-10','2024-06-28','JNOO','395035','2024-06-12',2,208,118,0,NULL,NULL,1,'232',NULL),(223,'SHJO','dwdw','232 USD','2024-06-02','2024-06-22','sdwsd','704802G','2024-06-11',2,208,105,0,NULL,NULL,1,'43',NULL),(224,'dewdeew','ddsfds','13232 GNF','2024-06-02','2024-06-28','wewderwerewererfrerfffffffffffffffffffff','260107G','2024-06-12',2,208,105,0,NULL,NULL,1,'dwede',NULL);
/*!40000 ALTER TABLE `garanties` ENABLE KEYS */;
UNLOCK TABLES;
/*!50003 SET @saved_cs_client      = @@character_set_client */ ;
/*!50003 SET @saved_cs_results     = @@character_set_results */ ;
/*!50003 SET @saved_col_connection = @@collation_connection */ ;
/*!50003 SET character_set_client  = utf8mb4 */ ;
/*!50003 SET character_set_results = utf8mb4 */ ;
/*!50003 SET collation_connection  = utf8mb4_0900_ai_ci */ ;
/*!50003 SET @saved_sql_mode       = @@sql_mode */ ;
/*!50003 SET sql_mode              = 'ONLY_FULL_GROUP_BY,STRICT_TRANS_TABLES,NO_ZERO_IN_DATE,NO_ZERO_DATE,ERROR_FOR_DIVISION_BY_ZERO,NO_ENGINE_SUBSTITUTION' */ ;
DELIMITER ;;
/*!50003 CREATE*/ /*!50017 DEFINER=`root`@`localhost`*/ /*!50003 TRIGGER `before_insert_garanties` BEFORE INSERT ON `garanties` FOR EACH ROW BEGIN
    IF NEW.numero IS NULL THEN
        SET NEW.numero = generate_unique_5_digit_random();
    END IF;
END */;;
DELIMITER ;
/*!50003 SET sql_mode              = @saved_sql_mode */ ;
/*!50003 SET character_set_client  = @saved_cs_client */ ;
/*!50003 SET character_set_results = @saved_cs_results */ ;
/*!50003 SET collation_connection  = @saved_col_connection */ ;
/*!50003 SET @saved_cs_client      = @@character_set_client */ ;
/*!50003 SET @saved_cs_results     = @@character_set_results */ ;
/*!50003 SET @saved_col_connection = @@collation_connection */ ;
/*!50003 SET character_set_client  = utf8mb4 */ ;
/*!50003 SET character_set_results = utf8mb4 */ ;
/*!50003 SET collation_connection  = utf8mb4_0900_ai_ci */ ;
/*!50003 SET @saved_sql_mode       = @@sql_mode */ ;
/*!50003 SET sql_mode              = 'ONLY_FULL_GROUP_BY,STRICT_TRANS_TABLES,NO_ZERO_IN_DATE,NO_ZERO_DATE,ERROR_FOR_DIVISION_BY_ZERO,NO_ENGINE_SUBSTITUTION' */ ;
DELIMITER ;;
/*!50003 CREATE*/ /*!50017 DEFINER=`root`@`localhost`*/ /*!50003 TRIGGER `before_insert_trigger` BEFORE INSERT ON `garanties` FOR EACH ROW BEGIN
    IF NEW.numero IS NULL OR NEW.numero = '' THEN
        SET NEW.numero = generate_random_number();
    END IF;
END */;;
DELIMITER ;
/*!50003 SET sql_mode              = @saved_sql_mode */ ;
/*!50003 SET character_set_client  = @saved_cs_client */ ;
/*!50003 SET character_set_results = @saved_cs_results */ ;
/*!50003 SET collation_connection  = @saved_col_connection */ ;

--
-- Table structure for table `garants`
--

DROP TABLE IF EXISTS `garants`;
/*!40101 SET @saved_cs_client     = @@character_set_client */;
/*!50503 SET character_set_client = utf8mb4 */;
CREATE TABLE `garants` (
  `id` int NOT NULL AUTO_INCREMENT,
  `code_garant` varchar(25) CHARACTER SET ascii COLLATE ascii_general_ci NOT NULL,
  `code_rct` varchar(25) CHARACTER SET ascii COLLATE ascii_general_ci NOT NULL,
  `intitule_garant` varchar(25) NOT NULL,
  `del` tinyint(1) DEFAULT '0',
  `del_at` timestamp NULL DEFAULT NULL,
  `created` timestamp NULL DEFAULT CURRENT_TIMESTAMP,
  PRIMARY KEY (`id`),
  UNIQUE KEY `code_garant_UNIQUE` (`code_garant`),
  UNIQUE KEY `code_rct_UNIQUE` (`code_rct`)
) ENGINE=InnoDB AUTO_INCREMENT=119 DEFAULT CHARSET=ascii;
/*!40101 SET character_set_client = @saved_cs_client */;

--
-- Dumping data for table `garants`
--

LOCK TABLES `garants` WRITE;
/*!40000 ALTER TABLE `garants` DISABLE KEYS */;
INSERT INTO `garants` VALUES (2,'01GRN89','JFNFYUKKF','MAMADOU LAMARANA DIALLO',0,NULL,'2023-03-09 00:00:00'),(3,'G0000(DEL)','RCT0000(DEL)','Garant 0',1,'2024-06-20 14:23:09','2024-04-19 00:00:00'),(4,'G0001(DEL)','RCT0001(DEL)','Garant 1',1,'2024-06-20 14:23:18','2022-08-17 00:00:00'),(5,'G0002','RCT0002','Garant 2',0,NULL,'2023-02-08 00:00:00'),(6,'G0003','RCT0003','Garant 3',0,NULL,'2023-03-17 00:00:00'),(7,'G0004','RCT0004','Garant 4',0,NULL,'2022-04-11 00:00:00'),(8,'G0005','RCT0005','Garant 5',0,NULL,'2022-03-13 00:00:00'),(9,'G0006','RCT0006','Garant 6',0,NULL,'2022-02-24 00:00:00'),(10,'G0007','RCT0007','Garant 7',0,NULL,'2022-03-01 00:00:00'),(11,'G0008','RCT0008','Garant 8',0,NULL,'2022-05-10 00:00:00'),(12,'G0009','RCT0009','Garant 9',0,NULL,'2023-04-13 00:00:00'),(13,'G0010','RCT0010','Garant 10',0,NULL,'2022-06-21 00:00:00'),(14,'G0011','RCT0011','Garant 11',0,NULL,'2022-12-07 00:00:00'),(15,'G0012','RCT0012','Garant 12',0,NULL,'2022-10-28 00:00:00'),(16,'G0013','RCT0013','Garant 13',0,NULL,'2023-04-22 00:00:00'),(17,'G0014','RCT0014','Garant 14',0,NULL,'2023-08-16 00:00:00'),(18,'G0015','RCT0015','Garant 15',0,NULL,'2023-10-06 00:00:00'),(19,'G0016','RCT0016','Garant 16',0,NULL,'2023-06-30 00:00:00'),(20,'G0017','RCT0017','Garant 17',0,NULL,'2024-03-08 00:00:00'),(21,'G0018','RCT0018','Garant 18',0,NULL,'2023-07-24 00:00:00'),(22,'G0019','RCT0019','Garant 19',0,NULL,'2023-03-29 00:00:00'),(23,'G0020','RCT0020','Garant 20',0,NULL,'2023-07-08 00:00:00'),(24,'G0021','RCT0021','Garant 21',0,NULL,'2023-06-04 00:00:00'),(25,'G0022','RCT0022','Garant 22',0,NULL,'2022-02-14 00:00:00'),(26,'G0023','RCT0023','Garant 23',0,NULL,'2023-03-20 00:00:00'),(27,'G0024','RCT0024','Garant 24',0,NULL,'2022-10-31 00:00:00'),(28,'G0025','RCT0025','Garant 25',0,NULL,'2022-07-07 00:00:00'),(29,'G0026','RCT0026','Garant 26',0,NULL,'2022-01-25 00:00:00'),(30,'G0027','RCT0027','Garant 27',0,NULL,'2023-03-24 00:00:00'),(31,'G0028','RCT0028','Garant 28',0,NULL,'2023-01-19 00:00:00'),(32,'G0029','RCT0029','Garant 29',0,NULL,'2023-07-30 00:00:00'),(33,'G0030','RCT0030','Garant 30',0,NULL,'2024-04-13 00:00:00'),(34,'G0031','RCT0031','Garant 31',0,NULL,'2023-10-25 00:00:00'),(35,'G0032','RCT0032','Garant 32',0,NULL,'2024-03-21 00:00:00'),(36,'G0033','RCT0033','Garant 33',0,NULL,'2022-10-12 00:00:00'),(37,'G0034','RCT0034','Garant 34',0,NULL,'2024-02-11 00:00:00'),(38,'G0035','RCT0035','Garant 35',0,NULL,'2022-11-27 00:00:00'),(39,'G0036','RCT0036','Garant 36',0,NULL,'2022-08-15 00:00:00'),(40,'G0037','RCT0037','Garant 37',0,NULL,'2022-05-21 00:00:00'),(41,'G0038','RCT0038','Garant 38',0,NULL,'2022-01-22 00:00:00'),(42,'G0039','RCT0039','Garant 39',0,NULL,'2023-07-29 00:00:00'),(43,'G0040','RCT0040','Garant 40',0,NULL,'2022-05-17 00:00:00'),(44,'G0041','RCT0041','Garant 41',0,NULL,'2024-01-10 00:00:00'),(45,'G0042','RCT0042','Garant 42',0,NULL,'2023-09-09 00:00:00'),(46,'G0043','RCT0043','Garant 43',0,NULL,'2024-05-14 00:00:00'),(47,'G0044','RCT0044','Garant 44',0,NULL,'2023-11-23 00:00:00'),(48,'G0045','RCT0045','Garant 45',0,NULL,'2024-05-10 00:00:00'),(49,'G0046','RCT0046','Garant 46',0,NULL,'2023-03-26 00:00:00'),(50,'G0047','RCT0047','Garant 47',0,NULL,'2023-07-09 00:00:00'),(51,'G0048','RCT0048','Garant 48',0,NULL,'2023-06-15 00:00:00'),(52,'G0049','RCT0049','Garant 49',0,NULL,'2022-04-12 00:00:00'),(55,'G9990','RCT9990','Garant 0',0,NULL,'2023-11-24 00:00:00'),(56,'G9991','RCT9991','Garant 1',0,NULL,'2023-05-03 00:00:00'),(57,'G9992','RCT9992','Garant 2',0,NULL,'2022-12-24 00:00:00'),(58,'G9993','RCT9993','Garant 3',0,NULL,'2022-11-20 00:00:00'),(59,'G9994','RCT9994','Garant 4',0,NULL,'2023-07-01 00:00:00'),(60,'G9995','RCT9995','Garant 5',0,NULL,'2024-05-22 00:00:00'),(61,'G9996','RCT9996','Garant 6',0,NULL,'2022-02-18 00:00:00'),(62,'G9997','RCT9997','Garant 7',0,NULL,'2022-10-23 00:00:00'),(63,'G9998','RCT9998','Garant 8',0,NULL,'2023-03-16 00:00:00'),(64,'G9999','RCT9999','Garant 9',0,NULL,'2023-02-26 00:00:00'),(65,'G9910','RCT9910','Garant 10',0,NULL,'2024-02-26 00:00:00'),(66,'G9911','RCT9911','Garant 11',0,NULL,'2024-06-05 00:00:00'),(67,'G9912','RCT9912','Garant 12',0,NULL,'2022-10-22 00:00:00'),(68,'G9913','RCT9913','Garant 13',0,NULL,'2023-08-15 00:00:00'),(69,'G9914','RCT9914','Garant 14',0,NULL,'2022-10-22 00:00:00'),(70,'G9915','RCT9915','Garant 15',0,NULL,'2023-08-09 00:00:00'),(71,'G9916','RCT9916','Garant 16',0,NULL,'2022-09-20 00:00:00'),(72,'G9917','RCT9917','Garant 17',0,NULL,'2023-03-21 00:00:00'),(73,'G9918','RCT9918','Garant 18',0,NULL,'2023-06-28 00:00:00'),(74,'G9919','RCT9919','Garant 19',0,NULL,'2023-05-08 00:00:00'),(75,'G9920','RCT9920','Garant 20',0,NULL,'2024-04-12 00:00:00'),(76,'G9921','RCT9921','Garant 21',0,NULL,'2022-01-13 00:00:00'),(77,'G9922','RCT9922','Garant 22',0,NULL,'2022-08-23 00:00:00'),(78,'G9923','RCT9923','Garant 23',0,NULL,'2022-09-02 00:00:00'),(79,'G9924','RCT9924','Garant 24',0,NULL,'2023-06-03 00:00:00'),(80,'G9925','RCT9925','Garant 25',0,NULL,'2022-03-21 00:00:00'),(81,'G9926','RCT9926','Garant 26',0,NULL,'2023-09-11 00:00:00'),(82,'G9927','RCT9927','Garant 27',0,NULL,'2022-07-03 00:00:00'),(83,'G9928','RCT9928','Garant 28',0,NULL,'2024-04-23 00:00:00'),(84,'G9929','RCT9929','Garant 29',0,NULL,'2022-04-14 00:00:00'),(85,'G9930','RCT9930','Garant 30',0,NULL,'2023-10-19 00:00:00'),(86,'G9931','RCT9931','Garant 31',0,NULL,'2022-10-29 00:00:00'),(87,'G9932','RCT9932','Garant 32',0,NULL,'2023-03-02 00:00:00'),(88,'G9933','RCT9933','Garant 33',0,NULL,'2022-11-30 00:00:00'),(89,'G9934','RCT9934','Garant 34',0,NULL,'2023-01-26 00:00:00'),(90,'G9935','RCT9935','Garant 35',0,NULL,'2022-02-28 00:00:00'),(91,'G9936','RCT9936','Garant 36',0,NULL,'2022-01-11 00:00:00'),(92,'G9937','RCT9937','Garant 37',0,NULL,'2024-02-06 00:00:00'),(93,'G9938','RCT9938','Garant 38',0,NULL,'2022-08-28 00:00:00'),(94,'G9939','RCT9939','Garant 39',0,NULL,'2023-11-09 00:00:00'),(95,'G9940','RCT9940','Garant 40',0,NULL,'2024-06-06 00:00:00'),(96,'G9941','RCT9941','Garant 41',0,NULL,'2023-09-17 00:00:00'),(97,'G9942','RCT9942','Garant 42',0,NULL,'2023-04-03 00:00:00'),(98,'G9943','RCT9943','Garant 43',0,NULL,'2023-02-19 00:00:00'),(99,'G9944','RCT9944','Garant 44',0,NULL,'2023-11-28 00:00:00'),(100,'G9945','RCT9945','Garant 45',0,NULL,'2023-04-06 00:00:00'),(101,'G9946','RCT9946','Garant 46',0,NULL,'2022-07-30 00:00:00'),(102,'G9947','RCT9947','Garant 47',0,NULL,'2023-07-14 00:00:00'),(103,'G9948','RCT9948','Garant 48',0,NULL,'2023-01-19 00:00:00'),(104,'G9949','RCT9949','Garant 49',0,NULL,'2022-08-30 00:00:00'),(105,'RC0000','ee','e',0,NULL,'2024-06-13 22:57:32'),(106,'RC000','eee','eee',0,NULL,'2024-06-20 11:26:24'),(107,'323','33333333','33333333333333333333',0,NULL,'2024-06-20 11:36:27'),(108,'332','eez','RAFNEST',0,NULL,'2024-06-20 11:38:24'),(109,'332ecx','ecec','cewec',0,NULL,'2024-06-20 11:49:56'),(110,'hi','knkn','m jnkmk',0,NULL,'2024-06-20 11:58:56'),(111,'hid','dss','dddddw',0,NULL,'2024-06-20 12:06:59'),(112,'dded','w','dsd',0,NULL,'2024-06-20 12:08:12'),(113,'RC0001','HJJK','GARRAF',0,NULL,'2024-06-20 14:38:53'),(114,'33333','3333','3333',0,NULL,'2024-06-20 15:28:24'),(115,'ew','eesxd','weew',0,NULL,'2024-06-20 16:21:23'),(116,'333','RCT0000(D','sdfsdsd',0,NULL,'2024-06-20 16:32:00'),(117,'3333','RCT0000(','eeee',0,NULL,'2024-06-20 16:33:32'),(118,'2','232','32323',0,NULL,'2024-06-21 10:02:57');
/*!40000 ALTER TABLE `garants` ENABLE KEYS */;
UNLOCK TABLES;

--
-- Table structure for table `status`
--

DROP TABLE IF EXISTS `status`;
/*!40101 SET @saved_cs_client     = @@character_set_client */;
/*!50503 SET character_set_client = utf8mb4 */;
CREATE TABLE `status` (
  `id` int NOT NULL AUTO_INCREMENT,
  `label` varchar(45) NOT NULL,
  PRIMARY KEY (`id`),
  UNIQUE KEY `id` (`id`)
) ENGINE=InnoDB AUTO_INCREMENT=6 DEFAULT CHARSET=ascii;
/*!40101 SET character_set_client = @saved_cs_client */;

--
-- Dumping data for table `status`
--

LOCK TABLES `status` WRITE;
/*!40000 ALTER TABLE `status` DISABLE KEYS */;
INSERT INTO `status` VALUES (1,'Encours'),(2,'Levee'),(3,'Desactivee');
/*!40000 ALTER TABLE `status` ENABLE KEYS */;
UNLOCK TABLES;

--
-- Table structure for table `typologies`
--

DROP TABLE IF EXISTS `typologies`;
/*!40101 SET @saved_cs_client     = @@character_set_client */;
/*!50503 SET character_set_client = utf8mb4 */;
CREATE TABLE `typologies` (
  `id` int NOT NULL AUTO_INCREMENT,
  `label` varchar(45) DEFAULT NULL,
  `created_by` varchar(10) DEFAULT NULL,
  `modified_by` varchar(10) DEFAULT NULL,
  PRIMARY KEY (`id`),
  UNIQUE KEY `label_UNIQUE` (`label`)
) ENGINE=InnoDB AUTO_INCREMENT=19 DEFAULT CHARSET=ascii;
/*!40101 SET character_set_client = @saved_cs_client */;

--
-- Dumping data for table `typologies`
--

LOCK TABLES `typologies` WRITE;
/*!40000 ALTER TABLE `typologies` DISABLE KEYS */;
INSERT INTO `typologies` VALUES (0,'Typologie Intermediaire',NULL,NULL),(1,'Suretes Personnelle',NULL,NULL),(2,'Autres Garanties Reelles',NULL,NULL),(3,'Autres Garanties Personnelles',NULL,NULL),(4,'Promesses de Garanties',NULL,NULL),(5,'Covenants','','');
/*!40000 ALTER TABLE `typologies` ENABLE KEYS */;
UNLOCK TABLES;

--
-- Table structure for table `users`
--

DROP TABLE IF EXISTS `users`;
/*!40101 SET @saved_cs_client     = @@character_set_client */;
/*!50503 SET character_set_client = utf8mb4 */;
CREATE TABLE `users` (
  `id` bigint unsigned NOT NULL AUTO_INCREMENT,
  `email` varchar(255) NOT NULL,
  `password` varchar(255) NOT NULL,
  `created` datetime DEFAULT NULL,
  `modified` datetime DEFAULT NULL,
  `nom_prenom` varchar(50) NOT NULL,
  `fonction` varchar(50) NOT NULL,
  `matricule` varchar(5) NOT NULL,
  PRIMARY KEY (`id`),
  UNIQUE KEY `id` (`id`),
  UNIQUE KEY `matricule` (`matricule`),
  UNIQUE KEY `email_unique` (`email`)
) ENGINE=InnoDB AUTO_INCREMENT=4 DEFAULT CHARSET=ascii;
/*!40101 SET character_set_client = @saved_cs_client */;

--
-- Dumping data for table `users`
--

LOCK TABLES `users` WRITE;
/*!40000 ALTER TABLE `users` DISABLE KEYS */;
INSERT INTO `users` VALUES (1,'admin@socgen.com','$2y$10$4Y9BX3NfF5Nd82.OtOBe6e79cTQuLnAfUhLDYOOENZs5Qsc7hTVcK','2023-06-18 15:20:18','2023-06-18 15:21:20','Administrateur','Admin','0001'),(2,'Rafiou@socgen.com','$2y$10$4Y9BX3NfF5Nd82.OtOBe6e79cTQuLnAfUhLDYOOENZs5Qsc7hTVcK','2023-06-18 15:20:18','2023-06-18 15:21:20','Administrateur','Admin','0002'),(3,'rafblack16@gmail.com','12345','2024-06-12 22:47:10','2024-06-12 22:47:10','TEST','Admin test','0003');
/*!40000 ALTER TABLE `users` ENABLE KEYS */;
UNLOCK TABLES;

--
-- Dumping routines for database 'sggaranties'
--
/*!50003 DROP FUNCTION IF EXISTS `generate_random_number` */;
/*!50003 SET @saved_cs_client      = @@character_set_client */ ;
/*!50003 SET @saved_cs_results     = @@character_set_results */ ;
/*!50003 SET @saved_col_connection = @@collation_connection */ ;
/*!50003 SET character_set_client  = utf8mb4 */ ;
/*!50003 SET character_set_results = utf8mb4 */ ;
/*!50003 SET collation_connection  = utf8mb4_0900_ai_ci */ ;
/*!50003 SET @saved_sql_mode       = @@sql_mode */ ;
/*!50003 SET sql_mode              = 'ONLY_FULL_GROUP_BY,STRICT_TRANS_TABLES,NO_ZERO_IN_DATE,NO_ZERO_DATE,ERROR_FOR_DIVISION_BY_ZERO,NO_ENGINE_SUBSTITUTION' */ ;
DELIMITER ;;
CREATE DEFINER=`root`@`localhost` FUNCTION `generate_random_number`() RETURNS varchar(15) CHARSET ascii
    NO SQL
BEGIN
    DECLARE new_numero VARCHAR(15);

    DECLARE found BOOLEAN;

    -- Loop to generate a random number and check if it exists
    REPEAT
        SET new_numero = CONCAT(FLOOR(RAND() * (900000 - 1000 + 1)) + 1000, 'G');

        SELECT EXISTS (SELECT 1 FROM garanties WHERE numero = new_numero) INTO found;
    UNTIL NOT found END REPEAT;

    RETURN new_numero;
END ;;
DELIMITER ;
/*!50003 SET sql_mode              = @saved_sql_mode */ ;
/*!50003 SET character_set_client  = @saved_cs_client */ ;
/*!50003 SET character_set_results = @saved_cs_results */ ;
/*!50003 SET collation_connection  = @saved_col_connection */ ;
/*!50003 DROP FUNCTION IF EXISTS `generate_unique_5_digit_random` */;
/*!50003 SET @saved_cs_client      = @@character_set_client */ ;
/*!50003 SET @saved_cs_results     = @@character_set_results */ ;
/*!50003 SET @saved_col_connection = @@collation_connection */ ;
/*!50003 SET character_set_client  = utf8mb4 */ ;
/*!50003 SET character_set_results = utf8mb4 */ ;
/*!50003 SET collation_connection  = utf8mb4_0900_ai_ci */ ;
/*!50003 SET @saved_sql_mode       = @@sql_mode */ ;
/*!50003 SET sql_mode              = 'ONLY_FULL_GROUP_BY,STRICT_TRANS_TABLES,NO_ZERO_IN_DATE,NO_ZERO_DATE,ERROR_FOR_DIVISION_BY_ZERO,NO_ENGINE_SUBSTITUTION' */ ;
DELIMITER ;;
CREATE DEFINER=`root`@`localhost` FUNCTION `generate_unique_5_digit_random`() RETURNS int
    DETERMINISTIC
BEGIN
    DECLARE random_num INT;
    
    LOOP
        SET random_num = FLOOR(1000 + RAND() * 900000);
        
        -- Check if the generated number is unique
        IF NOT EXISTS (SELECT 1 FROM Garanties WHERE numero = random_num) THEN
            RETURN random_num;
        END IF;
    END LOOP;
END ;;
DELIMITER ;
/*!50003 SET sql_mode              = @saved_sql_mode */ ;
/*!50003 SET character_set_client  = @saved_cs_client */ ;
/*!50003 SET character_set_results = @saved_cs_results */ ;
/*!50003 SET collation_connection  = @saved_col_connection */ ;
/*!50003 DROP PROCEDURE IF EXISTS `BulkInsertClients` */;
/*!50003 SET @saved_cs_client      = @@character_set_client */ ;
/*!50003 SET @saved_cs_results     = @@character_set_results */ ;
/*!50003 SET @saved_col_connection = @@collation_connection */ ;
/*!50003 SET character_set_client  = utf8mb4 */ ;
/*!50003 SET character_set_results = utf8mb4 */ ;
/*!50003 SET collation_connection  = utf8mb4_0900_ai_ci */ ;
/*!50003 SET @saved_sql_mode       = @@sql_mode */ ;
/*!50003 SET sql_mode              = 'ONLY_FULL_GROUP_BY,STRICT_TRANS_TABLES,NO_ZERO_IN_DATE,NO_ZERO_DATE,ERROR_FOR_DIVISION_BY_ZERO,NO_ENGINE_SUBSTITUTION' */ ;
DELIMITER ;;
CREATE DEFINER=`root`@`localhost` PROCEDURE `BulkInsertClients`(IN num_rows INT)
BEGIN
    DECLARE i INT DEFAULT 0;

    WHILE i < num_rows DO
        SET @code = CONCAT('C', LPAD(i, 6, '0'));
        SET @label = CONCAT('Client', i);
        SET @code_rct = CONCAT('RCT', LPAD(i, 2, '0'));
        SET @segment = 'PARTICULIER';
        SET @agence_id = IF(i % 2 = 0, 1, 2);
        SET @created = DATE_ADD('2022-01-01', INTERVAL FLOOR(RAND() * 900) DAY);  

        INSERT INTO `clients` (code, label, code_rct, segment, agence_id, del, created)
        VALUES (@code, @label, @code_rct, @segment, @agence_id, 0, @created);

        SET i = i + 1;
    END WHILE;
END ;;
DELIMITER ;
/*!50003 SET sql_mode              = @saved_sql_mode */ ;
/*!50003 SET character_set_client  = @saved_cs_client */ ;
/*!50003 SET character_set_results = @saved_cs_results */ ;
/*!50003 SET collation_connection  = @saved_col_connection */ ;
/*!50003 DROP PROCEDURE IF EXISTS `BulkInsertEvaluateurs` */;
/*!50003 SET @saved_cs_client      = @@character_set_client */ ;
/*!50003 SET @saved_cs_results     = @@character_set_results */ ;
/*!50003 SET @saved_col_connection = @@collation_connection */ ;
/*!50003 SET character_set_client  = utf8mb4 */ ;
/*!50003 SET character_set_results = utf8mb4 */ ;
/*!50003 SET collation_connection  = utf8mb4_0900_ai_ci */ ;
/*!50003 SET @saved_sql_mode       = @@sql_mode */ ;
/*!50003 SET sql_mode              = 'ONLY_FULL_GROUP_BY,STRICT_TRANS_TABLES,NO_ZERO_IN_DATE,NO_ZERO_DATE,ERROR_FOR_DIVISION_BY_ZERO,NO_ENGINE_SUBSTITUTION' */ ;
DELIMITER ;;
CREATE DEFINER=`root`@`localhost` PROCEDURE `BulkInsertEvaluateurs`(IN num_rows INT)
BEGIN
    DECLARE i INT DEFAULT 0;

    WHILE i < num_rows DO
        SET @nom_prenom = CONCAT('Evaluator ', i);
        SET @tel = CONCAT('626550', LPAD(i, 3, '0'));
        SET @email = CONCAT('eval', i, '@test.com');
        SET @fonction_evaluateur = 'ADMIN';
        SET @nom_structure = CONCAT('Structure ', i);

        INSERT INTO `evaluateurs` (nom_prenom, tel, email, fonction_evaluateur, nom_structure)
        VALUES (@nom_prenom, @tel, @email, @fonction_evaluateur, @nom_structure);

        SET i = i + 1;
    END WHILE;
END ;;
DELIMITER ;
/*!50003 SET sql_mode              = @saved_sql_mode */ ;
/*!50003 SET character_set_client  = @saved_cs_client */ ;
/*!50003 SET character_set_results = @saved_cs_results */ ;
/*!50003 SET collation_connection  = @saved_col_connection */ ;
/*!50003 DROP PROCEDURE IF EXISTS `BulkInsertEvaluations` */;
/*!50003 SET @saved_cs_client      = @@character_set_client */ ;
/*!50003 SET @saved_cs_results     = @@character_set_results */ ;
/*!50003 SET @saved_col_connection = @@collation_connection */ ;
/*!50003 SET character_set_client  = utf8mb4 */ ;
/*!50003 SET character_set_results = utf8mb4 */ ;
/*!50003 SET collation_connection  = utf8mb4_0900_ai_ci */ ;
/*!50003 SET @saved_sql_mode       = @@sql_mode */ ;
/*!50003 SET sql_mode              = 'ONLY_FULL_GROUP_BY,STRICT_TRANS_TABLES,NO_ZERO_IN_DATE,NO_ZERO_DATE,ERROR_FOR_DIVISION_BY_ZERO,NO_ENGINE_SUBSTITUTION' */ ;
DELIMITER ;;
CREATE DEFINER=`root`@`localhost` PROCEDURE `BulkInsertEvaluations`(IN num_rows INT)
BEGIN
    DECLARE i INT DEFAULT 0;

    WHILE i < num_rows DO
        SET @frequence = 'Annuel';
        SET @valeur_garantie = 100000 + (i * 1000);
        SET @date_fin = DATE_ADD('2022-01-01', INTERVAL FLOOR(RAND() * 730) DAY);  -- Random date within 2 years
        SET @evaluateur_id = 1 + (i % 50);  -- Assuming 50 evaluateurs for diversity
        SET @garantie_id = 5 + (i % 100);  -- Assuming 150 garanties for diversity

        INSERT INTO `evaluations` (frequence, valeur_garantie, date_fin, evaluateur_id, garantie_id)
        VALUES (@frequence, @valeur_garantie, @date_fin, @evaluateur_id, @garantie_id);

        SET i = i + 1;
    END WHILE;
END ;;
DELIMITER ;
/*!50003 SET sql_mode              = @saved_sql_mode */ ;
/*!50003 SET character_set_client  = @saved_cs_client */ ;
/*!50003 SET character_set_results = @saved_cs_results */ ;
/*!50003 SET collation_connection  = @saved_col_connection */ ;
/*!50003 DROP PROCEDURE IF EXISTS `BulkInsertGaranties` */;
/*!50003 SET @saved_cs_client      = @@character_set_client */ ;
/*!50003 SET @saved_cs_results     = @@character_set_results */ ;
/*!50003 SET @saved_col_connection = @@collation_connection */ ;
/*!50003 SET character_set_client  = utf8mb4 */ ;
/*!50003 SET character_set_results = utf8mb4 */ ;
/*!50003 SET collation_connection  = utf8mb4_0900_ai_ci */ ;
/*!50003 SET @saved_sql_mode       = @@sql_mode */ ;
/*!50003 SET sql_mode              = 'ONLY_FULL_GROUP_BY,STRICT_TRANS_TABLES,NO_ZERO_IN_DATE,NO_ZERO_DATE,ERROR_FOR_DIVISION_BY_ZERO,NO_ENGINE_SUBSTITUTION' */ ;
DELIMITER ;;
CREATE DEFINER=`root`@`localhost` PROCEDURE `BulkInsertGaranties`(IN num_rows INT)
BEGIN
    DECLARE i INT DEFAULT 0;
    DECLARE start_date DATE;
    DECLARE end_date DATE;

    WHILE i < num_rows DO
        SET @libelle_garantie = CONCAT('Garantie', i);
        SET @description = 'Test description';
        SET @montant = 1000000 + (i * 10000);
        
        -- Generate random start date
        SET start_date = DATE_ADD('2022-01-01', INTERVAL FLOOR(RAND() * 900) DAY);
        -- Generate end date to be at least 1 month after start date and within 2 years
        SET end_date = DATE_ADD(start_date, INTERVAL FLOOR(RAND() * 730) + 30 DAY);
        
        SET @date_debut = start_date;
        SET @date_fin = end_date;
        SET @portee = 'NA';
        SET @numero =FLOOR(1 + RAND() * 89999);
        SET @date_evaluation = DATE_ADD('2022-01-01', INTERVAL FLOOR(RAND() * 900) DAY);  

        SET @client_id = 1 + FLOOR(RAND() * 200);
        SET @garant_id = 1 + FLOOR(RAND() * 50);
        SET @typologie_id = 1 + FLOOR(RAND() * 5);
        SET @agence_id = IF(i % 2 = 0, 1, 2);

        -- Debug output
        SELECT CONCAT('Inserting row ', i, ': Client ID - ', @client_id, ', Garant ID - ', @garant_id, ', Typologie ID - ', @typologie_id, ', Agence ID - ', @agence_id);

        INSERT INTO `garanties` (libelle_garantie, description, montant, date_debut, date_fin, portee, numero, date_evalution, typologie_id, client_id, garant_id, statut, del, agence_id)
        VALUES (@libelle_garantie, @description, @montant, @date_debut, @date_fin, @portee, @numero, @date_evaluation, @typologie_id, @client_id, @garant_id, 'L', 0, @agence_id);

        SET i = i + 1;
    END WHILE;
END ;;
DELIMITER ;
/*!50003 SET sql_mode              = @saved_sql_mode */ ;
/*!50003 SET character_set_client  = @saved_cs_client */ ;
/*!50003 SET character_set_results = @saved_cs_results */ ;
/*!50003 SET collation_connection  = @saved_col_connection */ ;
/*!50003 DROP PROCEDURE IF EXISTS `BulkInsertGarants` */;
/*!50003 SET @saved_cs_client      = @@character_set_client */ ;
/*!50003 SET @saved_cs_results     = @@character_set_results */ ;
/*!50003 SET @saved_col_connection = @@collation_connection */ ;
/*!50003 SET character_set_client  = utf8mb4 */ ;
/*!50003 SET character_set_results = utf8mb4 */ ;
/*!50003 SET collation_connection  = utf8mb4_0900_ai_ci */ ;
/*!50003 SET @saved_sql_mode       = @@sql_mode */ ;
/*!50003 SET sql_mode              = 'ONLY_FULL_GROUP_BY,STRICT_TRANS_TABLES,NO_ZERO_IN_DATE,NO_ZERO_DATE,ERROR_FOR_DIVISION_BY_ZERO,NO_ENGINE_SUBSTITUTION' */ ;
DELIMITER ;;
CREATE DEFINER=`root`@`localhost` PROCEDURE `BulkInsertGarants`(IN num_rows INT)
BEGIN
    DECLARE i INT DEFAULT 0;

    WHILE i < num_rows DO
        SET @code_garant = CONCAT('G', LPAD(i, 4, '9'));
        SET @code_rct = CONCAT('RCT', LPAD(i, 4, '9'));
        SET @intitule_garant = CONCAT('Garant ', i);

        INSERT INTO `garants` (code_garant, code_rct, intitule_garant)
        VALUES (@code_garant, @code_rct, @intitule_garant);

        SET i = i + 1;
    END WHILE;
END ;;
DELIMITER ;
/*!50003 SET sql_mode              = @saved_sql_mode */ ;
/*!50003 SET character_set_client  = @saved_cs_client */ ;
/*!50003 SET character_set_results = @saved_cs_results */ ;
/*!50003 SET collation_connection  = @saved_col_connection */ ;
/*!50003 DROP PROCEDURE IF EXISTS `update_garanties_numero` */;
/*!50003 SET @saved_cs_client      = @@character_set_client */ ;
/*!50003 SET @saved_cs_results     = @@character_set_results */ ;
/*!50003 SET @saved_col_connection = @@collation_connection */ ;
/*!50003 SET character_set_client  = utf8mb4 */ ;
/*!50003 SET character_set_results = utf8mb4 */ ;
/*!50003 SET collation_connection  = utf8mb4_0900_ai_ci */ ;
/*!50003 SET @saved_sql_mode       = @@sql_mode */ ;
/*!50003 SET sql_mode              = 'ONLY_FULL_GROUP_BY,STRICT_TRANS_TABLES,NO_ZERO_IN_DATE,NO_ZERO_DATE,ERROR_FOR_DIVISION_BY_ZERO,NO_ENGINE_SUBSTITUTION' */ ;
DELIMITER ;;
CREATE DEFINER=`root`@`localhost` PROCEDURE `update_garanties_numero`()
BEGIN
    DECLARE done INT DEFAULT FALSE;
    DECLARE id INT;
    DECLARE cur CURSOR FOR SELECT id FROM Garanties;
    DECLARE CONTINUE HANDLER FOR NOT FOUND SET done = TRUE;
    
    OPEN cur;
    
    read_loop: LOOP
        FETCH cur INTO id;
        
        IF done THEN
            LEAVE read_loop;
        END IF;
        
        UPDATE Garanties
        SET numero = generate_unique_5_digit_random()
        WHERE id = id;
    END LOOP;
    
    CLOSE cur;
END ;;
DELIMITER ;
/*!50003 SET sql_mode              = @saved_sql_mode */ ;
/*!50003 SET character_set_client  = @saved_cs_client */ ;
/*!50003 SET character_set_results = @saved_cs_results */ ;
/*!50003 SET collation_connection  = @saved_col_connection */ ;
/*!40103 SET TIME_ZONE=@OLD_TIME_ZONE */;

/*!40101 SET SQL_MODE=@OLD_SQL_MODE */;
/*!40014 SET FOREIGN_KEY_CHECKS=@OLD_FOREIGN_KEY_CHECKS */;
/*!40014 SET UNIQUE_CHECKS=@OLD_UNIQUE_CHECKS */;
/*!40101 SET CHARACTER_SET_CLIENT=@OLD_CHARACTER_SET_CLIENT */;
/*!40101 SET CHARACTER_SET_RESULTS=@OLD_CHARACTER_SET_RESULTS */;
/*!40101 SET COLLATION_CONNECTION=@OLD_COLLATION_CONNECTION */;
/*!40111 SET SQL_NOTES=@OLD_SQL_NOTES */;

-- Dump completed on 2024-06-21 12:13:58
